am,country,datagolf_rank,dg_id,dg_skill_estimate,owgr_rank,player_name,primary_tour,last_updated
0,USA,1,18417,2.79479331049252,1,"Scheffler, Scottie",PGA,2026-03-30 11:59:12 UTC
0,ESP,2,19195,2.11194047641349,29,"Rahm, Jon",LIV,2026-03-30 11:59:12 UTC
0,NIR,3,10091,1.88881764407321,2,"McIlroy, Rory",PGA,2026-03-30 11:59:12 UTC
0,USA,4,19895,1.79154565642001,6,"Schauffele, Xander",PGA,2026-03-30 11:59:12 UTC
0,USA,5,26651,1.76742861792313,3,"Young, Cameron",PGA,2026-03-30 11:59:12 UTC
0,ENG,6,12294,1.7673124288162,4,"Fleetwood, Tommy",PGA,2026-03-30 11:59:12 UTC
0,ENG,7,17646,1.7665584937521,5,"Fitzpatrick, Matt",PGA,2026-03-30 11:59:12 UTC
0,USA,8,14578,1.75832740558627,10,"Henley, Russell",PGA,2026-03-30 11:59:12 UTC
0,SCO,9,23323,1.57686841159188,11,"MacIntyre, Robert",PGA,2026-03-30 11:59:12 UTC
0,USA,10,19841,1.57599984245998,24,"DeChambeau, Bryson",LIV,2026-03-30 11:59:12 UTC
0,SWE,11,23950,1.48757650528796,18,"Aberg, Ludvig",PGA,2026-03-30 11:59:12 UTC
0,JPN,12,13562,1.46011723848807,14,"Matsuyama, Hideki",PGA,2026-03-30 11:59:12 UTC
0,USA,13,22085,1.42472016501734,8,"Morikawa, Collin",PGA,2026-03-30 11:59:12 UTC
0,AUS,14,16841,1.40654406439571,25,"Lee, Min Woo",PGA,2026-03-30 11:59:12 UTC
0,KOR,15,14609,1.3865348116763,30,"Kim, Si Woo",PGA,2026-03-30 11:59:12 UTC
0,USA,16,19396,1.35884877523824,42,"Knapp, Jake",PGA,2026-03-30 11:59:12 UTC
0,USA,17,29433,1.32795339441808,17,"Bridgeman, Jacob",PGA,2026-03-30 11:59:12 UTC
0,USA,18,15466,1.28768971722462,34,"Cantlay, Patrick",PGA,2026-03-30 11:59:12 UTC
0,USA,19,26096,1.2844828572196,20,"Bhatia, Akshay",PGA,2026-03-30 11:59:12 UTC
0,USA,20,19483,1.2586576468812,33,"Burns, Sam",PGA,2026-03-30 11:59:12 UTC
0,USA,21,18634,1.24896148741134,27,"McNealy, Maverick",PGA,2026-03-30 11:59:12 UTC
0,NOR,22,18841,1.2145090234386,22,"Hovland, Viktor",PGA,2026-03-30 11:59:12 UTC
0,SWE,23,10419,1.21432826487954,19,"Noren, Alex",PGA,2026-03-30 11:59:12 UTC
0,DEN,24,23602,1.19364470069235,36,"Hojgaard, Nicolai",PGA,2026-03-30 11:59:12 UTC
0,USA,25,12965,1.1766523719755,65,"Fowler, Rickie",PGA,2026-03-30 11:59:12 UTC
0,USA,26,27774,1.16961681888983,9,"Gotterup, Chris",PGA,2026-03-30 11:59:12 UTC
0,USA,27,14577,1.15655572562086,21,"English, Harris",PGA,2026-03-30 11:59:12 UTC
0,AUT,28,17511,1.15528622257718,12,"Straka, Sepp",PGA,2026-03-30 11:59:12 UTC
0,USA,29,24968,1.1364250321272,16,"Griffin, Ben",PGA,2026-03-30 11:59:12 UTC
0,IRL,30,13900,1.11987646057385,32,"Lowry, Shane",PGA,2026-03-30 11:59:12 UTC
0,USA,31,14636,1.08945769741792,63,"Spieth, Jordan",PGA,2026-03-30 11:59:12 UTC
0,AUS,32,6430,1.0787232800879,53,"Scott, Adam",PGA,2026-03-30 11:59:12 UTC
0,ENG,33,27194,1.07730722154155,59,"Hall, Harry",PGA,2026-03-30 11:59:12 UTC
0,USA,34,17536,1.00335073410821,13,"Spaun, J.J.",PGA,2026-03-30 11:59:12 UTC
0,ENG,35,6093,0.988900619668059,7,"Rose, Justin",PGA,2026-03-30 11:59:12 UTC
0,USA,36,29767,0.966491151054733,28,"Gerard, Ryan",PGA,2026-03-30 11:59:12 UTC
0,USA,37,14139,0.946335341066699,15,"Thomas, Justin",PGA,2026-03-30 11:59:12 UTC
0,AUS,38,9771,0.920539822527513,41,"Day, Jason",PGA,2026-03-30 11:59:12 UTC
0,CAN,39,17576,0.917984134641315,43,"Conners, Corey",PGA,2026-03-30 11:59:12 UTC
0,USA,40,21891,0.87907688433968,35,"Kitayama, Kurt",PGA,2026-03-30 11:59:12 UTC
0,USA,41,23014,0.864159995469515,71,"Theegala, Sahith",PGA,2026-03-30 11:59:12 UTC
0,NZL,42,21362,0.843335656214537,89,"Hillier, Daniel",EURO,2026-03-30 11:59:12 UTC
0,CAN,43,13126,0.843103858186054,66,"Taylor, Nick",PGA,2026-03-30 11:59:12 UTC
0,USA,44,17365,0.810727895031747,105,"Mitchell, Keith",PGA,2026-03-30 11:59:12 UTC
0,USA,45,13872,0.801133912317776,26,"Bradley, Keegan",PGA,2026-03-30 11:59:12 UTC
0,USA,46,25569,0.800755117794781,44,"Stevens, Sam",PGA,2026-03-30 11:59:12 UTC
0,USA,47,14838,0.799228168854097,23,"Reed, Patrick",EURO,2026-03-30 11:59:12 UTC
0,RSA,48,26991,0.789619466463832,61,"Schaper, Jayden",EURO,2026-03-30 11:59:12 UTC
0,USA,49,26649,0.767292998346185,54,"Thorbjornsen, Michael",PGA,2026-03-30 11:59:12 UTC
0,BEL,50,14181,0.737235606133728,58,"Detry, Thomas",LIV,2026-03-30 11:59:12 UTC
0,DEN,51,23838,0.732075856011388,55,"Hojgaard, Rasmus",PGA,2026-03-30 11:59:12 UTC
0,USA,52,17606,0.674113808386395,38,"Berger, Daniel",PGA,2026-03-30 11:59:12 UTC
0,RSA,53,18103,0.661481430339673,91,"Bezuidenhout, Christiaan",PGA,2026-03-30 11:59:12 UTC
0,ESP,54,30445,0.659462954768783,108,"Ayora, Angel",EURO,2026-03-30 11:59:12 UTC
0,DEN,55,13412,0.630937326587921,104,"Olesen, Thorbjorn",PGA,2026-03-30 11:59:12 UTC
0,ESP,56,28984,0.63055224003094,79,"Puig, David",LIV,2026-03-30 11:59:12 UTC
0,USA,57,23505,0.626252814931793,73,"McGreevy, Max",PGA,2026-03-30 11:59:12 UTC
0,JPN,58,22760,0.624973742236899,64,"Hisatsune, Ryo",PGA,2026-03-30 11:59:12 UTC
1,USA,59,32319,0.617131119923565,217,"Koivun, Jackson",AM,2026-03-30 11:59:12 UTC
0,USA,60,18474,0.610717176842728,113,"Smalley, Alex",PGA,2026-03-30 11:59:12 UTC
0,USA,61,16283,0.606377542880978,72,"Rodgers, Patrick",PGA,2026-03-30 11:59:12 UTC
0,RSA,62,26947,0.593440221264337,69,"Jarvis, Casey",EURO,2026-03-30 11:59:12 UTC
0,ENG,63,18586,0.591271539915219,67,"Smith, Jordan",PGA,2026-03-30 11:59:12 UTC
0,USA,64,19870,0.590279321487279,92,"McCarthy, Denny",PGA,2026-03-30 11:59:12 UTC
0,CHI,65,18079,0.584904574548402,161,"Niemann, Joaquin",LIV,2026-03-30 11:59:12 UTC
0,NZL,66,11889,0.581256358752261,48,"Fox, Ryan",PGA,2026-03-30 11:59:12 UTC
0,MEX,67,14735,0.577150204236267,157,"Ortiz, Carlos",LIV,2026-03-30 11:59:12 UTC
0,ENG,68,14796,0.551412914878974,31,"Hatton, Tyrrell",LIV,2026-03-30 11:59:12 UTC
0,USA,69,28309,0.514948393095451,52,"Coody, Pierceson",PGA,2026-03-30 11:59:12 UTC
0,USA,70,28635,0.511208016843676,46,"McCarty, Matt",PGA,2026-03-30 11:59:12 UTC
0,USA,71,12577,0.498516583804881,51,"Woodland, Gary",PGA,2026-03-30 11:59:12 UTC
0,USA,72,27819,0.495999538327224,86,"Castillo, Ricky",PGA,2026-03-30 11:59:12 UTC
0,FIN,73,20085,0.495288882696344,154,"Lindell, Oliver",EURO,2026-03-30 11:59:12 UTC
0,MEX,74,18238,0.49518550508977,305,"Ancer, Abraham",LIV,2026-03-30 11:59:12 UTC
0,ENG,75,18554,0.491826079808108,40,"Rai, Aaron",PGA,2026-03-30 11:59:12 UTC
0,COL,76,20770,0.491193883574183,483,"Munoz, Sebastian",LIV,2026-03-30 11:59:12 UTC
0,ENG,77,13764,0.478640377437335,84,"Parry, John",PGA,2026-03-30 11:59:12 UTC
0,USA,78,21554,0.46805612343645,76,"Poston, J.T.",PGA,2026-03-30 11:59:12 UTC
0,CAN,79,17780,0.460500130480246,74,"Pendrith, Taylor",PGA,2026-03-30 11:59:12 UTC
0,BEL,80,22002,0.444918913461229,145,"Dumont De Chassart, Adrien",PGA,2026-03-30 11:59:12 UTC
0,COL,81,22833,0.43388769952733,39,"Echavarria, Nico",PGA,2026-03-30 11:59:12 UTC
0,USA,82,28159,0.430712159709751,115,"Meissner, Mac",PGA,2026-03-30 11:59:12 UTC
0,BEL,83,13944,0.416173629751703,228,"Pieters, Thomas",LIV,2026-03-30 11:59:12 UTC
0,RSA,84,11952,0.411698484978777,234,"Grace, Branden",LIV,2026-03-30 11:59:12 UTC
0,ENG,85,22465,0.410568656448254,37,"Penge, Marco",EURO,2026-03-30 11:59:12 UTC
0,GER,86,16394,0.402680842408266,99,"Jaeger, Stephan",PGA,2026-03-30 11:59:12 UTC
0,RSA,87,14424,0.401418057624178,178,"Burmester, Dean",LIV,2026-03-30 11:59:12 UTC
0,USA,88,12423,0.397443692014268,97,"Kirk, Chris",PGA,2026-03-30 11:59:12 UTC
0,ENG,89,25362,0.378832258312779,136,"Fitzpatrick, Alex",EURO,2026-03-30 11:59:12 UTC
0,USA,90,19428,0.371274148987993,299,"Zalatoris, Will",PGA,2026-03-30 11:59:12 UTC
0,AUS,91,17064,0.367165127618037,167,"Herbert, Lucas",LIV,2026-03-30 11:59:12 UTC
0,USA,92,23465,0.36523004277682,62,"Greyserman, Max",PGA,2026-03-30 11:59:12 UTC
0,CAN,93,29925,0.361598646815331,131,"Yellamaraju, Sudarshan",PGA,2026-03-30 11:59:12 UTC
0,USA,94,8825,0.360881848977181,50,"Harman, Brian",PGA,2026-03-30 11:59:12 UTC
0,USA,95,23604,0.360370110078304,75,"Clark, Wyndham",PGA,2026-03-30 11:59:12 UTC
0,CHN,96,15310,0.350893386810525,81,"Li, Haotong",PGA,2026-03-30 11:59:12 UTC
0,USA,97,11676,0.342505703488433,107,"Finau, Tony",PGA,2026-03-30 11:59:12 UTC
0,AUS,98,15856,0.341170558046628,211,"Smith, Cameron",LIV,2026-03-30 11:59:12 UTC
0,USA,99,27364,0.336021300342937,120,"Thompson, Davis",PGA,2026-03-30 11:59:12 UTC
0,USA,100,32457,0.325469362020888,60,"Keefer, Johnny",PGA,2026-03-30 11:59:12 UTC
0,NOR,101,21407,0.314153957482562,49,"Reitan, Kristoffer",EURO,2026-03-30 11:59:12 UTC
0,NIR,102,22322,0.31022801937935,102,"McKibbin, Tom",LIV,2026-03-30 11:59:12 UTC
0,AUS,103,7649,0.297095544536717,221,"Leishman, Marc",LIV,2026-03-30 11:59:12 UTC
0,USA,104,16243,0.287857950114065,165,"Koepka, Brooks",PGA,2026-03-30 11:59:12 UTC
0,PHI,105,23504,0.281646820358422,78,"Hoey, Rico",PGA,2026-03-30 11:59:12 UTC
0,USA,106,17543,0.281540213867445,56,"Kim, Michael",PGA,2026-03-30 11:59:12 UTC
0,DEN,107,23841,0.277264243767273,68,"Neergaard-Petersen, Rasmus",EURO,2026-03-30 11:59:12 UTC
0,USA,108,19840,0.277226121600078,144,"Ramey, Chad",PGA,2026-03-30 11:59:12 UTC
0,USA,109,17538,0.274606977265272,156,"Homa, Max",PGA,2026-03-30 11:59:12 UTC
0,USA,110,14704,0.263581217229555,114,"Putnam, Andrew",PGA,2026-03-30 11:59:12 UTC
0,USA,111,21756,0.262914893307188,119,"Cole, Eric",PGA,2026-03-30 11:59:12 UTC
0,USA,112,29197,0.252703335095429,45,"Brennan, Michael",PGA,2026-03-30 11:59:12 UTC
0,IRL,113,10104,0.249462164992366,164,"Power, Seamus",PGA,2026-03-30 11:59:12 UTC
0,KOR,114,17488,0.246295014636325,70,"Im, Sungjae",PGA,2026-03-30 11:59:12 UTC
0,USA,115,14502,0.240358925734271,80,"Cauley, Bud",PGA,2026-03-30 11:59:12 UTC
0,USA,116,25908,0.235580650437385,124,"Whaley, Vince",PGA,2026-03-30 11:59:12 UTC
0,USA,117,18580,0.234580219314408,501,"Gooch, Talor",LIV,2026-03-30 11:59:12 UTC
0,USA,118,23475,0.228549194959928,47,"Novak, Andrew",PGA,2026-03-30 11:59:12 UTC
0,KOR,119,24766,0.224756120176637,129,"Kim, Tom",PGA,2026-03-30 11:59:12 UTC
0,CHN,120,16757,0.214795005003273,185,"Dou, Zecheng",PGA,2026-03-30 11:59:12 UTC
0,FIN,121,23816,0.213699733772664,57,"Valimaki, Sami",PGA,2026-03-30 11:59:12 UTC
0,USA,122,22985,0.195473206718023,90,"Smotherman, Austin",KFT,2026-03-30 11:59:12 UTC
0,USA,123,29770,0.195089943095866,121,"Mouw, William",PGA,2026-03-30 11:59:12 UTC
0,ENG,124,20706,0.193201741265243,96,"Wallace, Matt",PGA,2026-03-30 11:59:12 UTC
0,USA,125,25036,0.190225498263497,110,"Holt, Ian",KFT,2026-03-30 11:59:12 UTC
0,ESP,126,14016,0.186343859427913,155,"Campillo, Jorge",EURO,2026-03-30 11:59:12 UTC
0,CAN,127,15556,0.177942940614177,118,"Hughes, Mackenzie",PGA,2026-03-30 11:59:12 UTC
0,RSA,128,7672,0.172137838121654,332,"Oosthuizen, Louis",LIV,2026-03-30 11:59:12 UTC
0,USA,129,25157,0.16591700129463,132,"Hodges, Lee",PGA,2026-03-30 11:59:12 UTC
0,USA,130,6892,0.148402340404698,501,"Howell III, Charles",LIV,2026-03-30 11:59:12 UTC
0,USA,131,18424,0.145309520893127,140,"Roy, Kevin",PGA,2026-03-30 11:59:12 UTC
0,ESP,132,5689,0.142555006220032,342,"Garcia, Sergio",LIV,2026-03-30 11:59:12 UTC
0,USA,133,6169,0.140760415252468,160,"Kuchar, Matt",PGA,2026-03-30 11:59:12 UTC
0,USA,134,24550,0.137405242444327,184,"Ghim, Doug",PGA,2026-03-30 11:59:12 UTC
0,ENG,135,15326,0.117713340244322,103,"Sullivan, Andy",EURO,2026-03-30 11:59:12 UTC
0,ESP,136,28473,0.109574970363655,183,"Ballester, Jose Luis",LIV,2026-03-30 11:59:12 UTC
0,USA,137,14509,0.0934339486798382,175,"Dahmen, Joel",PGA,2026-03-30 11:59:12 UTC
0,USA,138,24956,0.0921889187136581,112,"Blanchet, Chandler",KFT,2026-03-30 11:59:12 UTC
0,SCO,139,21646,0.0813011814674656,172,"Ferguson, Ewen",EURO,2026-03-30 11:59:12 UTC
0,ENG,140,20766,0.0784567639389661,85,"Brown, Dan",EURO,2026-03-30 11:59:12 UTC
0,USA,141,11276,0.0783877021769745,94,"Horschel, Billy",PGA,2026-03-30 11:59:12 UTC
0,USA,142,15980,0.0584064138281686,88,"Lipsky, David",PGA,2026-03-30 11:59:12 UTC
0,ZIM,143,14559,0.0567039100169102,192,"Vincent, Scott",LIV,2026-03-30 11:59:12 UTC
0,FRA,144,20730,0.0524912500079524,189,"Perez, Victor",PGA,2026-03-30 11:59:12 UTC
0,USA,145,26653,0.0512546111371523,174,"Eckroat, Austin",PGA,2026-03-30 11:59:12 UTC
0,ESP,146,26745,0.0483136809716249,123,"Chacarra, Eugenio",EURO,2026-03-30 11:59:12 UTC
0,USA,147,15470,0.0464446644059805,159,"Hossler, Beau",PGA,2026-03-30 11:59:12 UTC
0,JPN,148,19729,0.0358182391632923,126,"Kanaya, Takumi",PGA,2026-03-30 11:59:12 UTC
0,GER,149,20722,0.0356875049909688,87,"Schmid, Matti",PGA,2026-03-30 11:59:12 UTC
0,USA,150,21944,0.032398330431548,147,"Moore, Taylor",PGA,2026-03-30 11:59:12 UTC
0,USA,151,26657,0.0271034724887578,137,"Fisk, Steven",PGA,2026-03-30 11:59:12 UTC
0,NOR,152,15651,0.0260753344876988,239,"Ventura, Kris",PGA,2026-03-30 11:59:12 UTC
0,CAN,153,12413,0.0257895614591613,162,"Lee, Richard",LIV,2026-03-30 11:59:12 UTC
0,USA,154,15120,0.0162190271089981,284,"Johnson, Michael",KFT,2026-03-30 11:59:12 UTC
0,USA,155,7399,0.0158110050589332,93,"Glover, Lucas",PGA,2026-03-30 11:59:12 UTC
0,USA,156,12422,0.0114845465225721,501,"Johnson, Dustin",LIV,2026-03-30 11:59:12 UTC
0,USA,157,6986,0.0114071333389689,314,"Johnson, Zach",PGA,2026-03-30 11:59:12 UTC
0,USA,158,32152,0.0106314491521013,173,"Brown, Blades",KFT,2026-03-30 11:59:12 UTC
0,RSA,159,7398,-0.0042859335029959,501,"Schwartzel, Charl",LIV,2026-03-30 11:59:12 UTC
0,FRA,160,10201,-0.0077120831235396,153,"Guerrier, Julien",EURO,2026-03-30 11:59:12 UTC
0,TPE,161,17881,-0.0162326474447404,117,"Yu, Kevin",PGA,2026-03-30 11:59:12 UTC
0,USA,162,16395,-0.0166746825229665,272,"Kohles, Ben",PGA,2026-03-30 11:59:12 UTC
0,USA,163,25442,-0.0178201362447269,170,"Montgomery, Taylor",PGA,2026-03-30 11:59:12 UTC
0,SCO,164,25131,-0.0209007281123159,130,"Hill, Calum",EURO,2026-03-30 11:59:12 UTC
0,KOR,165,14459,-0.0266266273836474,134,"An, Byeong Hun",PGA,2026-03-30 11:59:12 UTC
0,CHN,166,26193,-0.0462793243112831,169,"Ding, Wenyi",EURO,2026-03-30 11:59:12 UTC
0,USA,167,17639,-0.0523416227227028,246,"Blair, Zac",PGA,2026-03-30 11:59:12 UTC
0,KOR,168,21688,-0.060391714947798,141,"Kim, S.H.",PGA,2026-03-30 11:59:12 UTC
0,USA,169,11049,-0.0683189956869707,416,"Simpson, Webb",PGA,2026-03-30 11:59:12 UTC
0,DEN,170,25611,-0.0693969110778184,135,"Olesen, Jacob Skov",EURO,2026-03-30 11:59:12 UTC
0,ENG,171,17813,-0.0771958130637458,166,"Armitage, Marcus",EURO,2026-03-30 11:59:12 UTC
0,USA,172,14013,-0.0822746701588446,501,"Tringale, Cameron",LIV,2026-03-30 11:59:12 UTC
0,USA,173,19846,-0.0876822833948556,176,"Bauchou, Zach",PGA,2026-03-30 11:59:12 UTC
0,ENG,174,7108,-0.0954796015419148,501,"Casey, Paul",LIV,2026-03-30 11:59:12 UTC
0,ARG,175,12808,-0.100424096061554,109,"Grillo, Emiliano",PGA,2026-03-30 11:59:12 UTC
0,FRA,176,14792,-0.100497574659719,95,"Saddier, Adrien",EURO,2026-03-30 11:59:12 UTC
0,USA,177,31343,-0.102948606268123,267,"Ford, David",PGA,2026-03-30 11:59:12 UTC
0,FRA,178,19960,-0.104037699440346,224,"Pavon, Matthieu",PGA,2026-03-30 11:59:12 UTC
0,USA,179,30463,-0.104905191736246,240,"Surratt, Caleb",LIV,2026-03-30 11:59:12 UTC
0,USA,180,5665,-0.106101984719235,501,"Cink, Stewart",CHAMP,2026-03-30 11:59:12 UTC
0,USA,181,29347,-0.107916517738866,287,"Dossey, Cooper",KFT,2026-03-30 11:59:12 UTC
0,USA,182,11357,-0.109688691830134,143,"Uihlein, Peter",LIV,2026-03-30 11:59:12 UTC
0,VEN,183,13508,-0.111743765448575,101,"Vegas, Jhonattan",PGA,2026-03-30 11:59:12 UTC
0,USA,184,26953,-0.119432115627013,288,"Gilligan, Ian",KFT,2026-03-30 11:59:12 UTC
0,ENG,185,29971,-0.120133075965149,128,"Bradbury, Dan",EURO,2026-03-30 11:59:12 UTC
0,ITA,186,7655,-0.120870858232887,253,"Molinari, Francesco",EURO,2026-03-30 11:59:12 UTC
0,AUS,187,24200,-0.124012556009319,82,"Smylie, Elvis",EURO,2026-03-30 11:59:12 UTC
0,USA,188,25002,-0.13950421930787,331,"Wu, Dylan",PGA,2026-03-30 11:59:12 UTC
0,FRA,189,20727,-0.143969065478357,207,"Coussaud, Ugo",EURO,2026-03-30 11:59:12 UTC
0,USA,190,7334,-0.145850387200297,501,"Watson, Bubba",LIV,2026-03-30 11:59:12 UTC
0,FRA,191,27811,-0.145875110475766,138,"Couvra, Martin",EURO,2026-03-30 11:59:12 UTC
0,ITA,192,14987,-0.155476263817432,179,"Laporta, Francesco",EURO,2026-03-30 11:59:12 UTC
0,FRA,193,18770,-0.155950914707042,180,"Rozner, Antoine",EURO,2026-03-30 11:59:12 UTC
0,USA,194,11082,-0.161205120497354,320,"Burgoon, Bronson",KFT,2026-03-30 11:59:12 UTC
1,USA,195,29827,-0.173338095414445,501,"James, Ben",AM,2026-03-30 11:59:12 UTC
0,RSA,196,24342,-0.183865060181397,83,"Higgo, Garrick",PGA,2026-03-30 11:59:12 UTC
0,USA,197,12337,-0.19146282760196,501,"Kokrak, Jason",LIV,2026-03-30 11:59:12 UTC
1,USA,198,32064,-0.201398975382658,501,"Russell, Miles",AM,2026-03-30 11:59:12 UTC
0,USA,199,23656,-0.20433490603207,163,"Young, Carson",PGA,2026-03-30 11:59:12 UTC
0,ENG,200,6516,-0.204816900989995,501,"Bland, Richard",LIV,2026-03-30 11:59:12 UTC
0,ENG,201,25601,-0.206991474180184,219,"Jordan, Matthew",EURO,2026-03-30 11:59:12 UTC
0,RSA,202,18105,-0.20781402781957,100,"Lawrence, Thriston",EURO,2026-03-30 11:59:12 UTC
0,SWE,203,26850,-0.20796763448137,181,"Svensson, Jesper",PGA,2026-03-30 11:59:12 UTC
0,USA,204,21943,-0.210396032269554,206,"Lebioda, Hank",KFT,2026-03-30 11:59:12 UTC
0,USA,205,16715,-0.219286043967016,230,"Ryder, Sam",PGA,2026-03-30 11:59:12 UTC
0,KOR,206,11117,-0.231047871353792,339,"Noh, S.Y.",KFT,2026-03-30 11:59:12 UTC
0,JPN,207,28268,-0.233382967320519,194,"Kaneko, Kota",EURO,2026-03-30 11:59:12 UTC
0,ARG,208,16786,-0.241975610324955,249,"Fernandez Valdes, Jorge",KFT,2026-03-30 11:59:12 UTC
0,USA,209,26913,-0.245036423304313,276,"Phillips, Trent",KFT,2026-03-30 11:59:12 UTC
0,RSA,210,27900,-0.245158973036039,77,"Potgieter, Aldrich",PGA,2026-03-30 11:59:12 UTC
0,IND,211,12669,-0.254074269694982,501,"Lahiri, Anirban",LIV,2026-03-30 11:59:12 UTC
0,JPN,212,21074,-0.254989712889443,122,"Nakajima, Keita",EURO,2026-03-30 11:59:12 UTC
0,USA,213,27820,-0.256043964211727,229,"Pak, John",KFT,2026-03-30 11:59:12 UTC
0,AUS,214,24304,-0.25762203314927,146,"Vilips, Karl",PGA,2026-03-30 11:59:12 UTC
0,USA,215,8820,-0.258068571917893,276,"Snedeker, Brandt",PGA,2026-03-30 11:59:12 UTC
0,ESP,216,12988,-0.264980254027201,127,"Elvira Mijares, Ignacio",EURO,2026-03-30 11:59:12 UTC
1,USA,217,32089,-0.284255969849975,501,"Stout, Preston",AM,2026-03-30 11:59:12 UTC
0,USA,218,25319,-0.285098510880679,266,"VanDerLaan, John",KFT,2026-03-30 11:59:12 UTC
0,USA,219,15330,-0.28619486196808,216,"Griffin, Lanto",PGA,2026-03-30 11:59:12 UTC
0,JPN,220,19681,-0.288915436172712,285,"Semikawa, Taiga",JPN,2026-03-30 11:59:12 UTC
0,GER,221,22736,-0.289017174048339,327,"Rosenmueller, Thomas",PGA,2026-03-30 11:59:12 UTC
0,USA,222,25094,-0.294045581750399,168,"Fishburn, Patrick",PGA,2026-03-30 11:59:12 UTC
0,USA,223,14698,-0.29570572693627,322,"Bramlett, Joseph",KFT,2026-03-30 11:59:12 UTC
0,USA,224,29324,-0.301641422368375,151,"Lamb, Davis",KFT,2026-03-30 11:59:12 UTC
0,SCO,225,16475,-0.309489259732635,171,"Forrest, Grant",EURO,2026-03-30 11:59:12 UTC
0,CAN,226,21883,-0.31009148671231,233,"Ewart, A.J.",PGA,2026-03-30 11:59:12 UTC
0,USA,227,16333,-0.31789657139542,149,"Hubbard, Mark",PGA,2026-03-30 11:59:12 UTC
0,USA,228,15575,-0.3197055617683,106,"Hoge, Tom",PGA,2026-03-30 11:59:12 UTC
0,ITA,229,12177,-0.321020920811518,280,"Pavan, Andrea",EURO,2026-03-30 11:59:12 UTC
0,ENG,230,14795,-0.322384241481339,98,"Canter, Laurie",EURO,2026-03-30 11:59:12 UTC
0,USA,231,27780,-0.336795113963471,212,"Crowe, Trace",KFT,2026-03-30 11:59:12 UTC
0,USA,232,23482,-0.342121369826733,297,"Sigg, Greyson",PGA,2026-03-30 11:59:12 UTC
0,USA,233,32312,-0.347981777562167,348,"Sherwood, Cole",KFT,2026-03-30 11:59:12 UTC
0,USA,234,24481,-0.351450796095183,203,"Redman, Doc",KFT,2026-03-30 11:59:12 UTC
0,MEX,235,28016,-0.352850058232793,187,"Gonzalez, Emilio",KFT,2026-03-30 11:59:12 UTC
0,SWE,236,20084,-0.353465814209741,261,"Lindberg, Mikael",EURO,2026-03-30 11:59:12 UTC
0,CAN,237,13997,-0.363038209457795,377,"Svensson, Adam",PGA,2026-03-30 11:59:12 UTC
0,FRA,238,23733,-0.364985908195611,214,"LaCroix, Frederic",EURO,2026-03-30 11:59:12 UTC
0,SWE,239,25475,-0.367060691509827,227,"Nyholm, Pontus",KFT,2026-03-30 11:59:12 UTC
0,USA,240,15004,-0.367971292176478,278,"Kim, Chan",PGA,2026-03-30 11:59:12 UTC
0,CAN,241,13965,-0.378820180492652,236,"Hadwin, Adam",PGA,2026-03-30 11:59:12 UTC
0,USA,242,21995,-0.379863716567423,238,"Springer, Hayden",PGA,2026-03-30 11:59:12 UTC
0,USA,243,24962,-0.38045956613581,186,"Docherty, Alistair",KFT,2026-03-30 11:59:12 UTC
0,ENG,244,18027,-0.382946842891244,268,"Kimsey, Nathan",EURO,2026-03-30 11:59:12 UTC
0,ENG,245,10873,-0.387546372427995,247,"Skinns, David",PGA,2026-03-30 11:59:12 UTC
0,USA,246,31392,-0.396772288286972,345,"VanArragon, Caleb",KFT,2026-03-30 11:59:12 UTC
0,JPN,247,14904,-0.40007900150698,358,"Kinoshita, Ryosuke",JPN,2026-03-30 11:59:12 UTC
0,USA,248,29279,-0.403023970572572,198,"Suber, Jackson",PGA,2026-03-30 11:59:12 UTC
0,ITA,249,11460,-0.406867422001887,243,"Manassero, Matteo",EURO,2026-03-30 11:59:12 UTC
0,USA,250,28471,-0.415377617404884,397,"Shore, Davis",KFT,2026-03-30 11:59:12 UTC
0,USA,251,30620,-0.425359859539774,262,"Chatfield, Davis",KFT,2026-03-30 11:59:12 UTC
0,USA,252,32055,-0.425621386010642,152,"Shipley, Neal",KFT,2026-03-30 11:59:12 UTC
0,USA,253,16602,-0.442011468977387,501,"Varner III, Harold",LIV,2026-03-30 11:59:12 UTC
0,USA,254,21880,-0.447725139512492,279,"Cone, Trevor",PGA,2026-03-30 11:59:12 UTC
0,RSA,255,18174,-0.452786591800339,148,"Ritchie, JC",EURO,2026-03-30 11:59:12 UTC
0,ENG,256,22608,-0.458092195420132,226,"Clements, Todd",EURO,2026-03-30 11:59:12 UTC
0,RSA,257,32473,-0.459448613740567,222,"Botha, Barend",KFT,2026-03-30 11:59:12 UTC
0,USA,258,24837,-0.46451150503957,304,"Goodwin, Noah",PGA,2026-03-30 11:59:12 UTC
0,ENG,259,15113,-0.465212132667081,382,"Pepperell, Eddie",EURO,2026-03-30 11:59:12 UTC
0,USA,260,13470,-0.465810335827463,258,"Kizzire, Patton",PGA,2026-03-30 11:59:12 UTC
0,USA,261,20522,-0.469942545899058,205,"Veerman, Johannes",EURO,2026-03-30 11:59:12 UTC
0,USA,262,16341,-0.472604749107603,235,"Peterson, Paul",PGA,2026-03-30 11:59:12 UTC
0,USA,263,25003,-0.476878188296966,215,"Walker, Danny",PGA,2026-03-30 11:59:12 UTC
0,USA,264,11019,-0.483439974934568,501,"Steele, Brendan",LIV,2026-03-30 11:59:12 UTC
0,SCO,265,23708,-0.488310436102249,383,"Scott, Sandy",KFT,2026-03-30 11:59:12 UTC
0,FRA,266,18933,-0.490402943172409,260,"Gandon, Jeremy",KFT,2026-03-30 11:59:12 UTC
0,NED,267,10158,-0.492087530028579,195,"Luiten, Joost",EURO,2026-03-30 11:59:12 UTC
0,ESP,268,7457,-0.493429763039938,248,"Cabrera Bello, Rafa",EURO,2026-03-30 11:59:12 UTC
0,ENG,269,24497,-0.495179826406409,213,"Robinson Thompson, Brandon",EURO,2026-03-30 11:59:12 UTC
0,USA,270,26126,-0.500030145195852,340,"Meissner, Mitchell",KFT,2026-03-30 11:59:12 UTC
0,USA,271,23540,-0.50873120023882,437,"Andersen, Mason",KFT,2026-03-30 11:59:12 UTC
0,RSA,272,15193,-0.511693992039151,188,"Van Tonder, Daniel",EURO,2026-03-30 11:59:12 UTC
0,USA,273,27164,-0.514807361281831,182,"Phillips, Chandler",PGA,2026-03-30 11:59:12 UTC
0,NZL,274,4871,-0.516307446269134,501,"Alker, Steven",CHAMP,2026-03-30 11:59:12 UTC
0,UAE,275,14975,-0.521878604672613,293,"Otaegui, Adrian",EURO,2026-03-30 11:59:12 UTC
0,USA,276,31955,-0.524270453412354,501,"Van Paris, Jackson",KFT,2026-03-30 11:59:12 UTC
0,ESP,277,22259,-0.528776206574312,255,"Del Rey, Alejandro",EURO,2026-03-30 11:59:12 UTC
0,USA,278,27996,-0.531741619617517,346,"Cummins, Quade",PGA,2026-03-30 11:59:12 UTC
0,POL,279,14196,-0.549653854521125,501,"Meronk, Adrian",LIV,2026-03-30 11:59:12 UTC
0,ENG,280,24185,-0.557975249882982,190,"Mansell, Richard",EURO,2026-03-30 11:59:12 UTC
0,CAN,281,17381,-0.559227734809793,245,"Silverman, Ben",PGA,2026-03-30 11:59:12 UTC
0,FRA,282,16652,-0.573120609082886,242,"Langasque, Romain",EURO,2026-03-30 11:59:12 UTC
0,RSA,283,15229,-0.577125297798655,325,"Stone, Brandon",EURO,2026-03-30 11:59:12 UTC
0,FRA,284,28157,-0.579324281797589,335,"Vaillant, Tom",EURO,2026-03-30 11:59:12 UTC
0,CAN,285,18571,-0.579405352678757,369,"Macdonald, Stuart",KFT,2026-03-30 11:59:12 UTC
0,JPN,286,15756,-0.582862787402952,133,"Higa, Kazuki",JPN,2026-03-30 11:59:12 UTC
0,CHN,287,29119,-0.583955965811392,231,"Zhou, Yanhan",OWGR,2026-03-30 11:59:12 UTC
0,NZL,288,24369,-0.584637714360937,191,"Kobori, Kazuma",EURO,2026-03-30 11:59:12 UTC
0,RSA,289,16896,-0.588334327945118,193,"Kruyswijk, Jacques",EURO,2026-03-30 11:59:12 UTC
0,USA,290,27183,-0.59212655105672,257,"Salinda, Isaiah",PGA,2026-03-30 11:59:12 UTC
0,AUS,291,12734,-0.592398223891919,302,"Scrivener, Jason",EURO,2026-03-30 11:59:12 UTC
0,NIR,292,7548,-0.593852887502429,501,"McDowell, Graeme",LIV,2026-03-30 11:59:12 UTC
0,KOR,293,16160,-0.599233817396001,378,"Song, Younghan",JPN,2026-03-30 11:59:12 UTC
0,USA,294,32330,-0.608428933601019,204,"Clanton, Luke",PGA,2026-03-30 11:59:12 UTC
0,DEN,295,15676,-0.608649024746321,210,"Norgaard, Niklas",EURO,2026-03-30 11:59:12 UTC
0,USA,296,19864,-0.616251610711961,500,"Hammer, Cole",KFT,2026-03-30 11:59:12 UTC
0,USA,297,33949,-0.618529812650807,338,"Bacha, Carson",KFT,2026-03-30 11:59:12 UTC
0,JPN,298,21076,-0.622719117716431,398,"Yoshida, Taiki",JPN,2026-03-30 11:59:12 UTC
0,JPN,299,25739,-0.626494232747161,256,"Yonezawa, Ren",JPN,2026-03-30 11:59:12 UTC
0,USA,300,22986,-0.628008907954972,365,"Tuten, Shad",KFT,2026-03-30 11:59:12 UTC
0,GER,301,22087,-0.628778837141618,307,"Paul, Jeremy",PGA,2026-03-30 11:59:12 UTC
0,AUT,302,9531,-0.629138356006355,355,"Wiesberger, Bernd",EURO,2026-03-30 11:59:12 UTC
0,JPN,303,12232,-0.630153150139831,329,"Ishikawa, Ryo",JPN,2026-03-30 11:59:12 UTC
0,RSA,304,11955,-0.63632813685726,404,"Frittelli, Dylan",EURO,2026-03-30 11:59:12 UTC
0,JPN,305,24223,-0.637520647672692,264,"Sugiura, Yuta",JPN,2026-03-30 11:59:12 UTC
0,JPN,306,13485,-0.640792215545663,309,"Imahira, Shugo",JPN,2026-03-30 11:59:12 UTC
0,USA,307,8480,-0.641418479178101,413,"Streelman, Kevin",PGA,2026-03-30 11:59:12 UTC
0,USA,308,23542,-0.64582855001588,311,"Champ, Cameron",PGA,2026-03-30 11:59:12 UTC
0,RSA,309,17550,-0.646744024450514,158,"Van Rooyen, Erik",PGA,2026-03-30 11:59:12 UTC
0,THA,310,19844,-0.648990469767927,282,"Kaewkanjana, Sadom",EURO,2026-03-30 11:59:12 UTC
0,USA,311,14007,-0.650718135736272,418,"Martin, Ben",PGA,2026-03-30 11:59:12 UTC
0,AUS,312,19232,-0.653989583490232,218,"Smyth, Trav",ASA,2026-03-30 11:59:12 UTC
0,USA,313,11451,-0.659859771509057,391,"Garnett, Brice",PGA,2026-03-30 11:59:12 UTC
0,KOR,314,16162,-0.662197483430388,289,"Lee, S.T.",KFT,2026-03-30 11:59:12 UTC
0,ESP,315,26008,-0.668270029389294,281,"Elvira, Manuel",EURO,2026-03-30 11:59:12 UTC
0,JPN,316,15056,-0.672491387868217,336,"Horikawa, Mikumu",JPN,2026-03-30 11:59:12 UTC
0,USA,317,25771,-0.68244128769451,501,"Furr, Wilson",KFT,2026-03-30 11:59:12 UTC
0,RSA,318,24343,-0.682830084779068,201,"Lamprecht, Christo",KFT,2026-03-30 11:59:12 UTC
0,CAN,319,14050,-0.693932675659951,385,"Sloan, Roger",KFT,2026-03-30 11:59:12 UTC
1,RSA,320,27947,-0.694031561126128,501,"Maas, Christian",AM,2026-03-30 11:59:12 UTC
0,SWE,321,11657,-0.696882420938012,330,"Norlander, Henrik",PGA,2026-03-30 11:59:12 UTC
0,USA,322,24490,-0.69774706170542,319,"Galletti, Nicolo",KFT,2026-03-30 11:59:12 UTC
0,ENG,323,27258,-0.701399402705416,310,"Schmidt, Ben",EURO,2026-03-30 11:59:12 UTC
0,GER,324,27588,-0.704310736351389,196,"Schott, Freddy",EURO,2026-03-30 11:59:12 UTC
0,NED,325,13374,-0.705284567516536,252,"Van Driel, Darius",EURO,2026-03-30 11:59:12 UTC
0,USA,326,29970,-0.715017217259382,373,"Menante, Dylan",KFT,2026-03-30 11:59:12 UTC
0,USA,327,18239,-0.716347628177977,449,"Truslow, Austen",ASA,2026-03-30 11:59:12 UTC
0,JPN,328,25797,-0.716544211322811,458,"Hosono, Yusaku",JPN,2026-03-30 11:59:12 UTC
0,JPN,329,18382,-0.718957458192107,350,"Ogiso, Takashi",JPN,2026-03-30 11:59:12 UTC
0,USA,330,18059,-0.725362773746511,271,"Suri, Julian",KFT,2026-03-30 11:59:12 UTC
0,SCO,331,13831,-0.733413636389877,364,"Knox, Russell",KFT,2026-03-30 11:59:12 UTC
0,SCO,332,14784,-0.733559042456081,220,"Law, David",EURO,2026-03-30 11:59:12 UTC
0,RSA,333,7049,-0.735631196058496,208,"Sterne, Richard",EURO,2026-03-30 11:59:12 UTC
0,USA,334,25363,-0.741260820952863,466,"Buckley, Hayden",PGA,2026-03-30 11:59:12 UTC
0,ENG,335,19948,-0.743844791809567,459,"Taylor, Ben",KFT,2026-03-30 11:59:12 UTC
0,ZIM,336,19538,-0.747706587442938,351,"Vincent, Kieran",ASA,2026-03-30 11:59:12 UTC
0,KOR,337,21072,-0.751909413111436,223,"Ok, Taehoon",KOR,2026-03-30 11:59:12 UTC
0,NOR,338,17747,-0.753136553775722,379,"Halvorsen, Andreas",EURO,2026-03-30 11:59:12 UTC
0,JPN,339,20954,-0.755408390199703,197,"Hirata, Kensei",PGA,2026-03-30 11:59:12 UTC
0,USA,340,17723,-0.763657919251475,199,"Lower, Justin",PGA,2026-03-30 11:59:12 UTC
0,FRA,341,23416,-0.785194897477774,321,"Ravetto, David",EURO,2026-03-30 11:59:12 UTC
0,USA,342,18761,-0.785906136630938,395,"Mullinax, Trey",PGA,2026-03-30 11:59:12 UTC
0,USA,343,27598,-0.786580549083596,269,"Nicholas, James",KFT,2026-03-30 11:59:12 UTC
0,GER,344,12522,-0.789756251645292,286,"Schneider, Marcel",EURO,2026-03-30 11:59:12 UTC
0,ENG,345,4052,-0.795556248192319,467,"Westwood, Lee",LIV,2026-03-30 11:59:12 UTC
0,THA,346,14368,-0.801194010255949,454,"Janewattananond, Jazz",ASA,2026-03-30 11:59:12 UTC
0,SWE,347,14780,-0.803944880931161,142,"Lagergren, Joakim",EURO,2026-03-30 11:59:12 UTC
0,ENG,348,28615,-0.806139068777128,318,"Bairstow, Sam",EURO,2026-03-30 11:59:12 UTC
0,USA,349,18869,-0.809591618079144,433,"Lamb, Rick",KFT,2026-03-30 11:59:12 UTC
0,USA,350,25919,-0.811227793003787,501,"Wolff, Matthew",LIV,2026-03-30 11:59:12 UTC
0,USA,351,21889,-0.813221965384833,241,"Kang, Jeffrey",KFT,2026-03-30 11:59:12 UTC
0,USA,352,14926,-0.822814419681969,501,"Malnati, Peter",PGA,2026-03-30 11:59:12 UTC
0,USA,353,12424,-0.826148970504859,501,"Summerhays, Daniel",KFT,2026-03-30 11:59:12 UTC
0,SCO,354,11396,-0.833006746208625,420,"Ramsay, Richie",EURO,2026-03-30 11:59:12 UTC
0,USA,355,1547,-0.837935057148364,501,"Mickelson, Phil",LIV,2026-03-30 11:59:12 UTC
0,KOR,356,7024,-0.84321680586058,501,"Choi, Jinho",KOR,2026-03-30 11:59:12 UTC
0,USA,357,19865,-0.847837598108851,484,"Hardy, Nick",PGA,2026-03-30 11:59:12 UTC
0,AUS,358,16842,-0.850579074976436,501,"Luck, Curtis",ANZ,2026-03-30 11:59:12 UTC
0,FRA,359,28239,-0.853599635498869,317,"Guillamoundeguy, Oihan",CHA,2026-03-30 11:59:12 UTC
0,USA,360,19872,-0.853915570097537,116,"Riley, Davis",PGA,2026-03-30 11:59:12 UTC
0,ITA,361,7033,-0.857440267553475,501,"Molinari, Edoardo",EURO,2026-03-30 11:59:12 UTC
0,ENG,362,12426,-0.857451284881606,298,"Waring, Paul",EURO,2026-03-30 11:59:12 UTC
0,ITA,363,17357,-0.859846817800769,301,"Migliozzi, Guido",EURO,2026-03-30 11:59:12 UTC
0,USA,364,20353,-0.861292788988669,501,"Whitney, Tom",KFT,2026-03-30 11:59:12 UTC
0,SWE,365,31165,-0.865511348151549,334,"Townsend, Hugo",EURO,2026-03-30 11:59:12 UTC
0,USA,366,18628,-0.867276707755296,111,"Campbell, Brian",PGA,2026-03-30 11:59:12 UTC
0,POR,367,27149,-0.871588976635827,501,"Da Costa Rodrigues, Daniel",EURO,2026-03-30 11:59:12 UTC
1,USA,368,34445,-0.874028355922788,501,"Watts, Tyler",AM,2026-03-30 11:59:12 UTC
0,USA,369,18635,-0.876566099117389,343,"Shelton, Robby",KFT,2026-03-30 11:59:12 UTC
0,USA,370,18187,-0.878447268003806,493,"Duncan, Tyler",KFT,2026-03-30 11:59:12 UTC
1,USA,371,34995,-0.882038094841577,501,"Chirravuri, Mahanth",AM,2026-03-30 11:59:12 UTC
0,JPN,372,14371,-0.894957317903949,431,"Sato, Taihei",JPN,2026-03-30 11:59:12 UTC
0,CAN,373,26617,-0.897026249283283,461,"Anderson, Matthew",KFT,2026-03-30 11:59:12 UTC
0,USA,374,28542,-0.897189942578109,349,"Hitt, Austin",KFT,2026-03-30 11:59:12 UTC
0,SCO,375,11397,-0.905565488117603,402,"Jamieson, Scott",EURO,2026-03-30 11:59:12 UTC
0,USA,376,21236,-0.906725349978811,501,"Bryan, Wesley",PGA,2026-03-30 11:59:12 UTC
0,SUI,377,15592,-0.907694979504393,292,"Girrbach, Joel",EURO,2026-03-30 11:59:12 UTC
0,NZL,378,24091,-0.909666282762837,344,"Voke, Nick",ANZ,2026-03-30 11:59:12 UTC
0,USA,379,28469,-0.911909527281999,139,"Highsmith, Joe",PGA,2026-03-30 11:59:12 UTC
0,RSA,380,25889,-0.912425979188638,451,"Nienaber, Wilco",CHA,2026-03-30 11:59:12 UTC
0,USA,381,30767,-0.915757908880223,429,"Gabrelcik, Nick",KFT,2026-03-30 11:59:12 UTC
0,USA,382,23048,-0.915967349895348,501,"Stanger, Jimmy",PGA,2026-03-30 11:59:12 UTC
0,SWE,383,18517,-0.916258384511081,291,"Soderberg, Sebastian",EURO,2026-03-30 11:59:12 UTC
0,ITA,384,26506,-0.921366860533921,417,"De Leo, Gregorio",EURO,2026-03-30 11:59:12 UTC
0,USA,385,29318,-0.921465738584071,353,"McAllister, Logan",KFT,2026-03-30 11:59:12 UTC
0,NZL,386,14373,-0.922855640805749,501,"Campbell, Ben",LIV,2026-03-30 11:59:12 UTC
0,USA,387,30856,-0.92784988958512,450,"Eichhorn, Hunter",KFT,2026-03-30 11:59:12 UTC
0,USA,388,31192,-0.928194703873454,354,"Steelman, Ross",KFT,2026-03-30 11:59:12 UTC
0,ENG,389,16497,-0.930450459424759,294,"Dean, Joe",EURO,2026-03-30 11:59:12 UTC
0,USA,390,6931,-0.933746649426337,501,"Byrd, Jonathan",PGA,2026-03-30 11:59:12 UTC
0,RSA,391,16897,-0.934313963810462,455,"Lombard, Zander",EURO,2026-03-30 11:59:12 UTC
0,USA,392,23610,-0.936430255765025,370,"Crocker, Sean",EURO,2026-03-30 11:59:12 UTC
0,USA,393,5768,-0.940053740972548,370,"Hoffman, Charley",PGA,2026-03-30 11:59:12 UTC
0,JPN,394,22844,-0.940362724681895,326,"Kawamoto, Riki",JPN,2026-03-30 11:59:12 UTC
0,THA,395,23638,-0.941866210440294,476,"Suwannarut, Sarit",ASA,2026-03-30 11:59:12 UTC
0,JPN,396,19190,-0.945044467755386,394,"Hoshino, Rikuya",EURO,2026-03-30 11:59:12 UTC
0,SWE,397,10418,-0.945590730282549,446,"Lemke, Niklas",EURO,2026-03-30 11:59:12 UTC
0,GER,398,22231,-0.947083701066041,225,"Von Dellingshausen, Nicolai",EURO,2026-03-30 11:59:12 UTC
0,COL,399,9171,-0.947727039600388,460,"Villegas, Camilo",PGA,2026-03-30 11:59:12 UTC
0,SCO,400,9586,-0.948787549893174,407,"Laird, Martin",PGA,2026-03-30 11:59:12 UTC
0,THA,401,12321,-0.949621258230168,387,"Aphibarnrat, Kiradech",EURO,2026-03-30 11:59:12 UTC
0,MEX,402,26190,-0.949918800199698,360,"Ortiz, Alvaro",KFT,2026-03-30 11:59:12 UTC
0,RSA,403,17068,-0.95165583207952,259,"Daffue, MJ",EURO,2026-03-30 11:59:12 UTC
0,USA,404,28270,-0.954549511144654,244,"Dunlap, Nick",PGA,2026-03-30 11:59:12 UTC
0,CHN,405,26764,-0.959482069413725,490,"Zheng, Sampson",ASA,2026-03-30 11:59:12 UTC
0,ARG,406,8571,-0.962180133499951,501,"Gomez, Fabian",KFT,2026-03-30 11:59:12 UTC
0,GER,407,8117,-0.962896302309446,501,"Kaymer, Martin",LIV,2026-03-30 11:59:12 UTC
0,USA,408,31214,-0.964523869460131,501,"Francoeur, Chris",PTA,2026-03-30 11:59:12 UTC
0,FIN,409,13139,-0.96574948043135,452,"Pulkkanen, Tapio",EURO,2026-03-30 11:59:12 UTC
0,USA,410,22050,-0.966860304225404,356,"Suh, Justin",KFT,2026-03-30 11:59:12 UTC
0,THA,411,14951,-0.96931131424477,440,"Saksansin, Poom",ASA,2026-03-30 11:59:12 UTC
0,SCO,412,19908,-0.973756555145145,328,"Young, Daniel",EURO,2026-03-30 11:59:12 UTC
0,USA,413,14140,-0.981622991612355,275,"Higgs, Harry",PGA,2026-03-30 11:59:12 UTC
0,RSA,414,18204,-0.984165114566655,501,"Prinsloo, Jaco",AFR,2026-03-30 11:59:12 UTC
0,ESP,415,12258,-0.98488419902288,392,"Garcia Rodriguez, Sebastian",EURO,2026-03-30 11:59:12 UTC
0,KOR,416,13498,-0.98591213189349,237,"Lee, Junghwan",EURO,2026-03-30 11:59:12 UTC
0,USA,417,31257,-0.987922065948153,411,"Hitchner, Derek",PTA,2026-03-30 11:59:12 UTC
0,PHI,418,15274,-0.992118053093452,263,"Tabuena, Miguel",LIV,2026-03-30 11:59:12 UTC
0,CAY,419,31960,-0.994928767014836,375,"Hastings, Justin",KFT,2026-03-30 11:59:12 UTC
0,USA,420,27762,-1.00014126574118,501,"Velo, Kevin",PGA,2026-03-30 11:59:12 UTC
0,USA,421,32333,-1.00396561955693,501,"Buchanan, Jackson",KFT,2026-03-30 11:59:12 UTC
0,USA,422,19477,-1.00592418197997,150,"Schenk, Adam",PGA,2026-03-30 11:59:12 UTC
0,USA,423,27420,-1.00626554346239,270,"Dickson, Taylor",PGA,2026-03-30 11:59:12 UTC
0,USA,424,23892,-1.00676221636592,306,"Gumberg, Jordan",EURO,2026-03-30 11:59:12 UTC
0,SCO,425,22089,-1.0132695796061,265,"Syme, Connor",EURO,2026-03-30 11:59:12 UTC
0,KOR,426,27640,-1.01340255218304,501,"Song, Minhyuk",KOR,2026-03-30 11:59:12 UTC
0,GER,427,19899,-1.01576891449014,501,"Rottluff, Max",ASA,2026-03-30 11:59:12 UTC
0,JPN,428,10523,-1.01690667482306,501,"Nagano, Ryutaro",JPN,2026-03-30 11:59:12 UTC
0,ENG,429,14666,-1.01759475143807,501,"Johnston, Andrew",EURO,2026-03-30 11:59:12 UTC
0,RSA,430,874,-1.0185623519153,501,"Els, Ernie",CHAMP,2026-03-30 11:59:12 UTC
0,USA,431,13367,-1.01987593530571,494,"Merritt, Troy",PGA,2026-03-30 11:59:12 UTC
0,FRA,432,14973,-1.02161310483026,501,"Levy, Alexander",EURO,2026-03-30 11:59:12 UTC
0,USA,433,19869,-1.03005785313939,501,"Maguire, Jack",KFT,2026-03-30 11:59:12 UTC
0,ENG,434,15115,-1.0325827626132,406,"Senior, Jack",EURO,2026-03-30 11:59:12 UTC
0,CAN,435,15499,-1.03374270125748,501,"Bateman, Wil",KFT,2026-03-30 11:59:12 UTC
0,THA,436,11958,-1.03515881021805,457,"Tangkamolprasert, Pavit",ASA,2026-03-30 11:59:12 UTC
0,USA,437,23599,-1.03601110470181,386,"Westmoreland, Kyle",KFT,2026-03-30 11:59:12 UTC
0,IND,438,21234,-1.03604255256961,501,"Thomas, Rayhan",KFT,2026-03-30 11:59:12 UTC
0,DEN,439,15680,-1.04144275893293,315,"Winther, Jeff",EURO,2026-03-30 11:59:12 UTC
0,CZE,440,26710,-1.04154349112064,501,"Hruby, Petr",KFT,2026-03-30 11:59:12 UTC
0,CAN,441,26143,-1.0442340102734,361,"Creighton, Myles",KFT,2026-03-30 11:59:12 UTC
0,USA,442,32550,-1.04479688222725,202,"Bryant, Davis",EURO,2026-03-30 11:59:12 UTC
0,IND,443,22897,-1.04631504866507,501,"Ahlawat, Veer",PGTI,2026-03-30 11:59:12 UTC
0,SWE,444,28686,-1.04633686648334,422,"Jonsson, Tobias",EURO,2026-03-30 11:59:12 UTC
0,AUT,445,13089,-1.05215283085284,501,"Nemecz, Lukas",CHA,2026-03-30 11:59:12 UTC
1,ENG,446,33761,-1.05229122853474,501,"Weaver, Tyler",AM,2026-03-30 11:59:12 UTC
0,POR,447,18722,-1.07085352955335,341,"Gouveia, Ricardo",EURO,2026-03-30 11:59:12 UTC
0,ENG,448,12920,-1.07137740404545,393,"Willett, Danny",PGA,2026-03-30 11:59:12 UTC
0,SWE,449,21875,-1.07554352975367,501,"Widing, Tim",PGA,2026-03-30 11:59:12 UTC
0,USA,450,32445,-1.07568589324338,479,"James, Zach",KFT,2026-03-30 11:59:12 UTC
0,SCO,451,27147,-1.07725627811653,447,"Walker, Euan",CHA,2026-03-30 11:59:12 UTC
0,KOR,452,13923,-1.07910979842981,477,"Lee, Sang-hee",JPN,2026-03-30 11:59:12 UTC
0,JPN,453,20448,-1.0806620145469,352,"Katsuragawa, Yuto",EURO,2026-03-30 11:59:12 UTC
0,COL,454,16591,-1.08069396521819,485,"Rozo, Marcelo",KFT,2026-03-30 11:59:12 UTC
0,USA,455,11641,-1.08105444361233,209,"Kim, Anthony",LIV,2026-03-30 11:59:12 UTC
0,DEN,456,22168,-1.08393092574173,482,"Brown, Hamish",EURO,2026-03-30 11:59:12 UTC
0,USA,457,31188,-1.08613780061517,501,"Valdes, Brendan",KFT,2026-03-30 11:59:12 UTC
0,THA,458,23231,-1.09163167047672,501,"Maichon, Phichaksn",KFT,2026-03-30 11:59:12 UTC
0,CHN,459,17266,-1.09287263803703,501,"Yuan, Carl",KFT,2026-03-30 11:59:12 UTC
0,ENG,460,1435,-1.09448074362783,501,"Poulter, Ian",LIV,2026-03-30 11:59:12 UTC
0,ARG,461,17032,-1.09551429338546,308,"Tosti, Alejandro",PGA,2026-03-30 11:59:12 UTC
0,USA,462,22461,-1.09672865719909,367,"White, Brett",KFT,2026-03-30 11:59:12 UTC
0,SWE,463,16231,-1.09706647050885,480,"Hellgren, Bjorn",LIV,2026-03-30 11:59:12 UTC
0,CAN,464,15596,-1.09739855229857,465,"Cockerill, Aaron",EURO,2026-03-30 11:59:12 UTC
0,JPN,465,12637,-1.09889715579636,273,"Asaji, Yosuke",LIV,2026-03-30 11:59:12 UTC
1,USA,466,32593,-1.10647041758271,501,"Morrison, Tommy",AM,2026-03-30 11:59:12 UTC
1,USA,467,32652,-1.1098840148166,501,"Akina, Kihei",AM,2026-03-30 11:59:12 UTC
0,TPE,468,19697,-1.11067644883552,324,"Wang, Wei-Hsuan",ASA,2026-03-30 11:59:12 UTC
0,JPN,469,21921,-1.11206245638228,232,"Shogenji, Tatsunori",JPN,2026-03-30 11:59:12 UTC
0,JPN,470,14209,-1.11374934404086,501,"Kozuma, Jinichiro",JPN,2026-03-30 11:59:12 UTC
0,GER,471,6950,-1.11505196099693,316,"Siem, Marcel",EURO,2026-03-30 11:59:12 UTC
0,SWE,472,14018,-1.11511187403085,421,"Dantorp, Jens",EURO,2026-03-30 11:59:12 UTC
0,SCO,473,16372,-1.11578001296166,501,"McDonald, Jack",CHA,2026-03-30 11:59:12 UTC
0,ESP,474,33839,-1.11611913551437,501,"Ereno Perez, Pablo",CHA,2026-03-30 11:59:12 UTC
0,USA,475,7960,-1.11719752639507,499,"List, Luke",PGA,2026-03-30 11:59:12 UTC
0,USA,476,24354,-1.12002631431252,395,"Xiong, Norman",KFT,2026-03-30 11:59:12 UTC
0,USA,477,29230,-1.12141301686849,501,"Piot, James",ASA,2026-03-30 11:59:12 UTC
0,USA,478,27697,-1.12193095056699,501,"Sargent, Billy Tom",KFT,2026-03-30 11:59:12 UTC
0,KOR,479,15366,-1.12428097107946,478,"Wang, Jeunghun",ASA,2026-03-30 11:59:12 UTC
0,USA,480,32456,-1.12866773251022,501,"Ponder, Thomas",PTA,2026-03-30 11:59:12 UTC
0,USA,481,31285,-1.13238863369877,441,"Lewis, Bryce",KFT,2026-03-30 11:59:12 UTC
0,AUS,482,8605,-1.1325956104757,501,"Jones, Matt",LIV,2026-03-30 11:59:12 UTC
0,KOR,483,25628,-1.13291542911561,501,"Bae, Yongjun",KOR,2026-03-30 11:59:12 UTC
0,USA,484,19738,-1.13354680360373,400,"Dougherty, Kevin",KFT,2026-03-30 11:59:12 UTC
0,SWE,485,20413,-1.13878307141926,501,"Lindh, Charlie",ASA,2026-03-30 11:59:12 UTC
0,USA,486,26013,-1.1418859310202,347,"Nimmer, Bryson",KFT,2026-03-30 11:59:12 UTC
0,AUS,487,5874,-1.14414298409428,501,"Percy, Cameron",CHAMP,2026-03-30 11:59:12 UTC
0,AUS,488,19068,-1.14917851654865,501,"Barron, Haydn",ANZ,2026-03-30 11:59:12 UTC
0,USA,489,27597,-1.151872649592,501,"Ogletree, Andy",LIV,2026-03-30 11:59:12 UTC
1,SCO,490,34023,-1.15317463621866,501,"Graham, Connor",AM,2026-03-30 11:59:12 UTC
0,KOR,491,13497,-1.1536576854268,501,"Lee, K.H.",PGA,2026-03-30 11:59:12 UTC
0,AUS,492,19208,-1.15425109264302,501,"Endycott, Harrison",PGA,2026-03-30 11:59:12 UTC
0,USA,493,29327,-1.15565207393371,501,"Greaser, Austin",KFT,2026-03-30 11:59:12 UTC
0,USA,494,17273,-1.15736561157927,501,"Fischer, Zack",KFT,2026-03-30 11:59:12 UTC
0,ESP,495,30428,-1.15801478632603,501,"Masaveu, Luis",LIV,2026-03-30 11:59:12 UTC
0,SWE,496,18514,-1.15937744217525,432,"Kinhult, Marcus",EURO,2026-03-30 11:59:12 UTC
0,RSA,497,26000,-1.15964095976985,501,"Snyman, Ian",ASA,2026-03-30 11:59:12 UTC
0,JPN,498,18809,-1.16143448923995,295,"Ikemura, Tomoyo",JPN,2026-03-30 11:59:12 UTC
0,AUT,499,21677,-1.16405258597429,251,"Steinlechner, Maximilian",EURO,2026-03-30 11:59:12 UTC
0,USA,500,26660,-1.16612787301675,337,"Gordon, Will",PGA,2026-03-30 11:59:12 UTC
