dg_id,driving_acc,driving_dist,player_name,sg_app,sg_arg,sg_ott,sg_putt,sg_total,last_updated
18417,0.04,8.642,"Scheffler, Scottie",0.899,0.396,0.708,0.568,2.57,2026-03-30 17:23:01 UTC
19195,0.015,12.863,"Rahm, Jon",0.846,0.295,0.81,0.309,2.26,2026-03-30 17:23:01 UTC
10091,-0.011,19.372,"McIlroy, Rory",0.687,0.189,0.936,0.302,2.113,2026-03-30 17:23:01 UTC
19895,-0.002,11.221,"Schauffele, Xander",0.873,0.152,0.614,0.283,1.922,2026-03-30 17:23:01 UTC
17646,0.053,3.011,"Fitzpatrick, Matt",0.771,0.316,0.497,0.29,1.874,2026-03-30 17:23:01 UTC
26651,0.005,11.051,"Young, Cameron",0.592,0.132,0.683,0.442,1.849,2026-03-30 17:23:01 UTC
19841,-0.011,21.253,"DeChambeau, Bryson",0.363,0.085,1.066,0.222,1.736,2026-03-30 17:23:01 UTC
12294,0.067,1.422,"Fleetwood, Tommy",0.661,0.328,0.485,0.242,1.716,2026-03-30 17:23:01 UTC
16841,-0.0,13.014,"Lee, Min Woo",0.363,0.309,0.639,0.396,1.706,2026-03-30 17:23:01 UTC
22085,0.094,1.983,"Morikawa, Collin",0.954,0.052,0.727,-0.042,1.692,2026-03-30 17:23:01 UTC
23950,0.012,12.165,"Aberg, Ludvig",0.591,0.113,0.617,0.287,1.608,2026-03-30 17:23:01 UTC
23323,0.019,3.709,"MacIntyre, Robert",0.216,0.231,0.511,0.638,1.596,2026-03-30 17:23:01 UTC
14578,0.098,-8.38,"Henley, Russell",0.596,0.287,0.284,0.377,1.545,2026-03-30 17:23:01 UTC
14609,0.104,-2.722,"Kim, Si Woo",0.808,0.237,0.655,-0.191,1.51,2026-03-30 17:23:01 UTC
29433,0.006,3.225,"Bridgeman, Jacob",0.345,0.108,0.277,0.684,1.414,2026-03-30 17:23:01 UTC
13562,0.005,-0.885,"Matsuyama, Hideki",0.618,0.451,-0.01,0.281,1.34,2026-03-30 17:23:01 UTC
15466,0.008,4.599,"Cantlay, Patrick",0.564,0.164,0.439,0.165,1.332,2026-03-30 17:23:01 UTC
18634,0.004,6.809,"McNealy, Maverick",0.441,0.17,0.424,0.293,1.328,2026-03-30 17:23:01 UTC
19396,-0.023,13.699,"Knapp, Jake",0.215,0.064,0.399,0.638,1.315,2026-03-30 17:23:01 UTC
26096,0.009,1.259,"Bhatia, Akshay",0.676,0.039,0.167,0.381,1.264,2026-03-30 17:23:01 UTC
23602,-0.039,15.286,"Hojgaard, Nicolai",0.596,0.0,0.387,0.24,1.223,2026-03-30 17:23:01 UTC
27774,-0.042,16.395,"Gotterup, Chris",0.389,0.103,0.549,0.172,1.213,2026-03-30 17:23:01 UTC
29767,0.044,1.292,"Gerard, Ryan",0.723,0.006,0.493,-0.046,1.176,2026-03-30 17:23:01 UTC
18841,0.028,1.052,"Hovland, Viktor",0.725,0.119,0.157,0.143,1.143,2026-03-30 17:23:01 UTC
17511,0.047,-0.262,"Straka, Sepp",0.595,0.051,0.32,0.115,1.082,2026-03-30 17:23:01 UTC
14577,0.034,1.48,"English, Harris",0.144,0.109,0.337,0.49,1.081,2026-03-30 17:23:01 UTC
25569,0.029,5.756,"Stevens, Sam",0.35,0.111,0.581,0.038,1.08,2026-03-30 17:23:01 UTC
12965,0.049,1.759,"Fowler, Rickie",0.242,0.021,0.444,0.371,1.078,2026-03-30 17:23:01 UTC
19483,-0.009,9.012,"Burns, Sam",0.199,-0.014,0.296,0.587,1.068,2026-03-30 17:23:01 UTC
24968,0.008,0.516,"Griffin, Ben",0.398,0.278,0.018,0.373,1.066,2026-03-30 17:23:01 UTC
26649,0.022,10.756,"Thorbjornsen, Michael",0.329,0.084,0.586,0.062,1.06,2026-03-30 17:23:01 UTC
14636,-0.013,6.064,"Spieth, Jordan",0.44,0.193,0.144,0.279,1.056,2026-03-30 17:23:01 UTC
14139,-0.053,5.749,"Thomas, Justin",0.34,0.402,-0.018,0.319,1.043,2026-03-30 17:23:01 UTC
21891,-0.017,9.796,"Kitayama, Kurt",0.7,0.02,0.39,-0.117,0.992,2026-03-30 17:23:01 UTC
10419,0.031,-6.341,"Noren, Alex",0.333,0.282,-0.066,0.438,0.987,2026-03-30 17:23:01 UTC
27194,-0.026,0.23,"Hall, Harry",0.153,0.386,-0.179,0.617,0.977,2026-03-30 17:23:01 UTC
6430,-0.021,8.581,"Scott, Adam",0.678,0.03,0.34,-0.079,0.969,2026-03-30 17:23:01 UTC
23014,-0.013,3.761,"Theegala, Sahith",0.364,0.207,0.113,0.263,0.947,2026-03-30 17:23:01 UTC
17536,0.035,2.134,"Spaun, J.J.",0.645,0.057,0.38,-0.139,0.943,2026-03-30 17:23:01 UTC
22760,0.034,1.056,"Hisatsune, Ryo",0.434,0.116,0.433,-0.067,0.916,2026-03-30 17:23:01 UTC
17365,-0.001,9.705,"Mitchell, Keith",0.47,-0.064,0.614,-0.126,0.894,2026-03-30 17:23:01 UTC
13900,0.026,-0.464,"Lowry, Shane",0.657,-0.05,0.167,0.113,0.886,2026-03-30 17:23:01 UTC
21362,0.007,8.92,"Hillier, Daniel",0.308,-0.344,0.533,0.381,0.878,2026-03-30 17:23:01 UTC
14181,-0.017,7.063,"Detry, Thomas",0.201,0.011,0.244,0.368,0.824,2026-03-30 17:23:01 UTC
6093,0.001,2.359,"Rose, Justin",0.533,0.061,0.109,0.115,0.818,2026-03-30 17:23:01 UTC
18079,-0.015,13.924,"Niemann, Joaquin",0.281,0.103,0.549,-0.122,0.811,2026-03-30 17:23:01 UTC
9771,0.013,-0.94,"Day, Jason",-0.003,0.339,0.103,0.372,0.811,2026-03-30 17:23:01 UTC
17576,0.074,-1.433,"Conners, Corey",0.593,-0.038,0.39,-0.142,0.803,2026-03-30 17:23:01 UTC
18586,0.03,5.764,"Smith, Jordan",0.381,-0.066,0.526,-0.04,0.801,2026-03-30 17:23:01 UTC
14838,0.008,-4.146,"Reed, Patrick",0.499,0.158,-0.037,0.163,0.783,2026-03-30 17:23:01 UTC
22465,-0.035,20.378,"Penge, Marco",0.091,-0.186,0.884,-0.028,0.761,2026-03-30 17:23:01 UTC
26991,0.065,-6.61,"Schaper, Jayden",0.076,0.106,0.215,0.358,0.755,2026-03-30 17:23:01 UTC
30445,-0.005,12.593,"Ayora, Angel",0.276,-0.064,0.568,-0.027,0.753,2026-03-30 17:23:01 UTC
13872,0.012,4.614,"Bradley, Keegan",0.14,0.274,0.218,0.067,0.699,2026-03-30 17:23:01 UTC
28984,-0.045,15.838,"Puig, David",-0.103,-0.088,0.528,0.354,0.691,2026-03-30 17:23:01 UTC
28309,-0.017,13.684,"Coody, Pierceson",0.272,-0.164,0.575,0.008,0.691,2026-03-30 17:23:01 UTC
23838,-0.059,14.49,"Hojgaard, Rasmus",0.149,-0.074,0.194,0.419,0.689,2026-03-30 17:23:01 UTC
17606,0.05,1.922,"Berger, Daniel",0.625,-0.221,0.374,-0.093,0.685,2026-03-30 17:23:01 UTC
23505,0.07,-3.666,"McGreevy, Max",0.369,-0.012,0.441,-0.131,0.667,2026-03-30 17:23:01 UTC
18474,0.009,3.479,"Smalley, Alex",0.302,0.071,0.218,0.074,0.664,2026-03-30 17:23:01 UTC
13126,0.025,-5.912,"Taylor, Nick",0.377,0.292,-0.125,0.078,0.622,2026-03-30 17:23:01 UTC
14796,-0.023,5.378,"Hatton, Tyrrell",0.461,-0.003,0.204,-0.044,0.618,2026-03-30 17:23:01 UTC
28159,-0.002,2.197,"Meissner, Mac",0.346,0.123,0.144,0.005,0.617,2026-03-30 17:23:01 UTC
27819,-0.011,6.955,"Castillo, Ricky",0.024,0.138,0.273,0.181,0.616,2026-03-30 17:23:01 UTC
17780,-0.007,10.212,"Pendrith, Taylor",0.171,0.076,0.484,-0.121,0.611,2026-03-30 17:23:01 UTC
27364,0.03,3.289,"Thompson, Davis",0.317,0.07,0.391,-0.168,0.61,2026-03-30 17:23:01 UTC
19421,-0.021,9.919,"Du Plessis, Hennie",0.337,-0.121,0.482,-0.099,0.599,2026-03-30 17:23:01 UTC
14424,-0.052,16.672,"Burmester, Dean",-0.018,0.002,0.552,0.062,0.598,2026-03-30 17:23:01 UTC
19428,0.001,4.063,"Zalatoris, Will",0.504,0.03,0.249,-0.188,0.595,2026-03-30 17:23:01 UTC
17064,-0.035,8.822,"Herbert, Lucas",0.129,0.056,0.33,0.068,0.583,2026-03-30 17:23:01 UTC
13412,0.003,1.834,"Olesen, Thorbjorn",0.353,0.04,0.2,-0.018,0.575,2026-03-30 17:23:01 UTC
14735,-0.026,5.161,"Ortiz, Carlos",0.376,0.213,0.113,-0.131,0.571,2026-03-30 17:23:01 UTC
23504,0.033,6.103,"Hoey, Rico",0.438,-0.147,0.643,-0.364,0.57,2026-03-30 17:23:01 UTC
26947,0.034,-3.631,"Jarvis, Casey",0.299,-0.143,0.251,0.149,0.556,2026-03-30 17:23:01 UTC
18103,0.04,-12.047,"Bezuidenhout, Christiaan",0.165,0.284,-0.294,0.396,0.551,2026-03-30 17:23:01 UTC
28635,0.031,-3.628,"McCarty, Matt",0.096,-0.002,0.124,0.33,0.548,2026-03-30 17:23:01 UTC
18554,0.103,-11.302,"Rai, Aaron",0.452,0.112,0.156,-0.19,0.53,2026-03-30 17:23:01 UTC
17488,0.041,-2.794,"Im, Sungjae",-0.16,0.416,0.108,0.162,0.525,2026-03-30 17:23:01 UTC
25362,0.033,-2.588,"Fitzpatrick, Alex",0.136,0.141,0.147,0.081,0.504,2026-03-30 17:23:01 UTC
21554,0.05,-5.058,"Poston, J.T.",0.104,0.043,0.192,0.159,0.498,2026-03-30 17:23:01 UTC
13944,-0.013,1.904,"Pieters, Thomas",0.276,0.07,0.147,-0.001,0.491,2026-03-30 17:23:01 UTC
22002,-0.032,6.821,"Dumont De Chassart, Adrien",0.099,0.1,0.148,0.143,0.491,2026-03-30 17:23:01 UTC
13764,0.041,-3.74,"Parry, John",0.314,-0.004,0.234,-0.061,0.483,2026-03-30 17:23:01 UTC
18238,0.086,-9.653,"Ancer, Abraham",0.318,-0.096,0.11,0.15,0.481,2026-03-30 17:23:01 UTC
22322,0.036,3.558,"McKibbin, Tom",-0.075,0.089,0.411,0.045,0.47,2026-03-30 17:23:01 UTC
19870,0.011,-5.649,"McCarthy, Denny",0.189,0.097,-0.234,0.414,0.465,2026-03-30 17:23:01 UTC
12577,-0.012,12.246,"Woodland, Gary",0.158,-0.266,0.452,0.118,0.463,2026-03-30 17:23:01 UTC
23604,-0.038,8.323,"Clark, Wyndham",0.335,0.198,0.001,-0.079,0.455,2026-03-30 17:23:01 UTC
11952,0.03,-5.891,"Grace, Branden",0.29,0.127,0.063,-0.032,0.447,2026-03-30 17:23:01 UTC
16243,-0.027,6.358,"Koepka, Brooks",0.417,-0.017,0.215,-0.184,0.431,2026-03-30 17:23:01 UTC
15310,0.007,5.403,"Li, Haotong",0.249,-0.167,0.364,-0.022,0.424,2026-03-30 17:23:01 UTC
32457,-0.005,10.972,"Keefer, Johnny",0.248,-0.242,0.565,-0.148,0.422,2026-03-30 17:23:01 UTC
20770,0.057,-6.015,"Munoz, Sebastian",0.327,-0.03,0.042,0.077,0.415,2026-03-30 17:23:01 UTC
16283,-0.03,5.91,"Rodgers, Patrick",0.122,0.11,0.061,0.119,0.412,2026-03-30 17:23:01 UTC
20085,0.007,-4.715,"Lindell, Oliver",0.506,0.001,-0.169,0.073,0.411,2026-03-30 17:23:01 UTC
20706,0.006,-0.283,"Wallace, Matt",0.22,0.177,0.029,-0.023,0.403,2026-03-30 17:23:01 UTC
11889,-0.061,8.422,"Fox, Ryan",0.093,0.073,0.121,0.106,0.393,2026-03-30 17:23:01 UTC
21407,-0.005,9.169,"Reitan, Kristoffer",-0.147,-0.166,0.464,0.239,0.39,2026-03-30 17:23:01 UTC
16394,-0.068,6.015,"Jaeger, Stephan",0.068,0.244,-0.202,0.277,0.387,2026-03-30 17:23:01 UTC
24766,0.019,-3.486,"Kim, Tom",0.239,0.209,-0.17,0.099,0.377,2026-03-30 17:23:01 UTC
23841,0.027,2.808,"Neergaard-Petersen, Rasmus",0.244,-0.076,0.322,-0.125,0.365,2026-03-30 17:23:01 UTC
8825,0.038,-4.996,"Harman, Brian",0.138,0.154,0.01,0.033,0.335,2026-03-30 17:23:01 UTC
11676,-0.054,3.956,"Finau, Tony",0.207,0.257,-0.235,0.089,0.318,2026-03-30 17:23:01 UTC
28473,-0.059,16.277,"Ballester, Jose Luis",-0.091,-0.248,0.585,0.066,0.311,2026-03-30 17:23:01 UTC
23465,-0.066,6.332,"Greyserman, Max",0.02,0.162,-0.22,0.345,0.306,2026-03-30 17:23:01 UTC
22985,0.047,0.593,"Smotherman, Austin",0.409,-0.17,0.372,-0.307,0.304,2026-03-30 17:23:01 UTC
15556,-0.032,1.139,"Hughes, Mackenzie",-0.026,0.197,-0.129,0.247,0.29,2026-03-30 17:23:01 UTC
22833,0.034,-5.405,"Echavarria, Nico",0.16,-0.125,0.029,0.221,0.285,2026-03-30 17:23:01 UTC
23475,-0.002,-0.844,"Novak, Andrew",0.159,0.074,0.022,0.023,0.277,2026-03-30 17:23:01 UTC
29770,0.015,5.918,"Mouw, William",0.026,-0.124,0.312,0.061,0.275,2026-03-30 17:23:01 UTC
15856,-0.051,-3.073,"Smith, Cameron",-0.282,0.494,-0.458,0.518,0.272,2026-03-30 17:23:01 UTC
14502,0.022,-3.518,"Cauley, Bud",0.268,0.093,0.001,-0.099,0.263,2026-03-30 17:23:01 UTC
10104,0.032,-3.787,"Power, Seamus",0.03,0.119,0.084,0.027,0.26,2026-03-30 17:23:01 UTC
24550,0.026,0.779,"Ghim, Doug",0.215,0.053,0.268,-0.284,0.252,2026-03-30 17:23:01 UTC
25157,0.049,-3.153,"Hodges, Lee",0.219,-0.089,0.171,-0.055,0.246,2026-03-30 17:23:01 UTC
18580,0.043,-5.851,"Gooch, Talor",0.151,0.099,-0.089,0.08,0.241,2026-03-30 17:23:01 UTC
26745,-0.013,6.126,"Chacarra, Eugenio",-0.007,-0.038,0.308,-0.036,0.225,2026-03-30 17:23:01 UTC
21944,-0.04,7.131,"Moore, Taylor",-0.198,0.133,0.15,0.121,0.206,2026-03-30 17:23:01 UTC
17538,-0.002,1.543,"Homa, Max",0.18,-0.067,0.02,0.067,0.201,2026-03-30 17:23:01 UTC
7649,-0.004,-3.177,"Leishman, Marc",0.238,0.096,-0.154,0.012,0.192,2026-03-30 17:23:01 UTC
17543,-0.018,-2.235,"Kim, Michael",0.125,0.054,-0.197,0.195,0.178,2026-03-30 17:23:01 UTC
21756,-0.048,-3.771,"Cole, Eric",0.096,0.28,-0.542,0.342,0.177,2026-03-30 17:23:01 UTC
21688,0.011,0.839,"Kim, S.H.",-0.346,0.067,0.118,0.324,0.164,2026-03-30 17:23:01 UTC
14509,0.086,-6.919,"Dahmen, Joel",0.267,-0.143,0.347,-0.312,0.159,2026-03-30 17:23:01 UTC
14792,0.046,-2.176,"Saddier, Adrien",-0.033,-0.04,0.241,-0.01,0.158,2026-03-30 17:23:01 UTC
18424,0.025,1.708,"Roy, Kevin",-0.179,0.076,0.19,0.07,0.156,2026-03-30 17:23:01 UTC
5689,0.049,-2.098,"Garcia, Sergio",0.161,-0.005,0.218,-0.234,0.14,2026-03-30 17:23:01 UTC
31343,0.056,2.218,"Ford, David",-0.006,-0.169,0.478,-0.167,0.136,2026-03-30 17:23:01 UTC
26657,-0.006,5.67,"Fisk, Steven",0.008,0.072,0.155,-0.102,0.133,2026-03-30 17:23:01 UTC
12423,0.018,-1.94,"Kirk, Chris",0.246,0.023,0.046,-0.183,0.132,2026-03-30 17:23:01 UTC
21646,0.067,-4.928,"Ferguson, Ewen",0.095,-0.201,0.142,0.079,0.115,2026-03-30 17:23:01 UTC
6892,0.002,-0.564,"Howell III, Charles",-0.234,0.148,0.125,0.073,0.112,2026-03-30 17:23:01 UTC
26653,0.024,-0.577,"Eckroat, Austin",0.301,-0.256,0.136,-0.074,0.108,2026-03-30 17:23:01 UTC
7672,0.066,-11.25,"Oosthuizen, Louis",0.046,0.045,-0.052,0.056,0.094,2026-03-30 17:23:01 UTC
14704,0.104,-22.012,"Putnam, Andrew",0.024,0.357,-0.482,0.195,0.094,2026-03-30 17:23:01 UTC
14459,-0.063,6.407,"An, Byeong Hun",-0.012,0.149,0.151,-0.201,0.087,2026-03-30 17:23:01 UTC
19840,0.007,-2.755,"Ramey, Chad",-0.139,-0.029,-0.065,0.317,0.084,2026-03-30 17:23:01 UTC
20722,-0.042,8.498,"Schmid, Matti",-0.088,-0.08,0.139,0.112,0.084,2026-03-30 17:23:01 UTC
26193,0.006,5.327,"Ding, Wenyi",-0.234,-0.023,0.305,0.009,0.057,2026-03-30 17:23:01 UTC
12413,-0.01,0.403,"Lee, Richard",-0.08,-0.054,0.053,0.127,0.046,2026-03-30 17:23:01 UTC
15651,-0.001,4.232,"Ventura, Kris",-0.218,-0.155,0.177,0.236,0.04,2026-03-30 17:23:01 UTC
14016,0.002,-3.449,"Campillo, Jorge",0.221,0.058,-0.168,-0.08,0.032,2026-03-30 17:23:01 UTC
23816,0.017,-5.966,"Valimaki, Sami",0.136,-0.074,-0.306,0.27,0.026,2026-03-30 17:23:01 UTC
20730,0.014,-0.215,"Perez, Victor",-0.105,-0.055,0.033,0.146,0.019,2026-03-30 17:23:01 UTC
17881,-0.012,6.828,"Yu, Kevin",-0.005,-0.021,0.188,-0.144,0.018,2026-03-30 17:23:01 UTC
16395,0.082,-9.278,"Kohles, Ben",0.431,-0.096,0.129,-0.446,0.018,2026-03-30 17:23:01 UTC
25908,-0.065,1.076,"Whaley, Vince",-0.211,0.128,-0.412,0.503,0.007,2026-03-30 17:23:01 UTC
14559,0.001,-0.818,"Vincent, Scott",-0.253,-0.09,-0.026,0.376,0.006,2026-03-30 17:23:01 UTC
7655,0.065,-6.256,"Molinari, Francesco",0.247,-0.077,0.163,-0.329,0.004,2026-03-30 17:23:01 UTC
15326,0.034,-10.794,"Sullivan, Andy",0.066,0.015,-0.177,0.097,-0.0,2026-03-30 17:23:01 UTC
27900,-0.05,22.882,"Potgieter, Aldrich",-0.079,-0.324,0.625,-0.237,-0.014,2026-03-30 17:23:01 UTC
20766,0.037,-5.04,"Brown, Dan",0.135,-0.167,0.014,-0.003,-0.021,2026-03-30 17:23:01 UTC
15470,-0.033,-1.734,"Hossler, Beau",-0.347,0.304,-0.327,0.348,-0.022,2026-03-30 17:23:01 UTC
27811,0.028,-2.838,"Couvra, Martin",-0.099,-0.049,0.123,0.002,-0.024,2026-03-30 17:23:01 UTC
10201,-0.011,-0.021,"Guerrier, Julien",-0.022,-0.008,-0.043,0.035,-0.038,2026-03-30 17:23:01 UTC
15980,0.037,-10.611,"Lipsky, David",0.077,0.128,-0.27,0.026,-0.039,2026-03-30 17:23:01 UTC
26850,-0.033,15.301,"Svensson, Jesper",0.002,-0.088,0.413,-0.375,-0.048,2026-03-30 17:23:01 UTC
30463,-0.043,9.379,"Surratt, Caleb",-0.283,-0.17,0.161,0.241,-0.052,2026-03-30 17:23:01 UTC
12808,0.067,-6.626,"Grillo, Emiliano",0.072,-0.158,0.1,-0.066,-0.052,2026-03-30 17:23:01 UTC
25002,0.015,-2.743,"Wu, Dylan",0.008,0.031,0.003,-0.097,-0.055,2026-03-30 17:23:01 UTC
29971,0.043,-0.208,"Bradbury, Dan",0.274,-0.336,0.162,-0.163,-0.064,2026-03-30 17:23:01 UTC
11049,-0.002,-1.819,"Simpson, Webb",-0.053,0.173,-0.225,0.007,-0.097,2026-03-30 17:23:01 UTC
19729,0.077,-9.288,"Kanaya, Takumi",-0.538,0.159,-0.006,0.283,-0.102,2026-03-30 17:23:01 UTC
14795,0.035,3.209,"Canter, Laurie",-0.047,-0.303,0.485,-0.252,-0.116,2026-03-30 17:23:01 UTC
24200,0.003,1.371,"Smylie, Elvis",-0.26,-0.022,-0.033,0.175,-0.138,2026-03-30 17:23:01 UTC
27820,0.059,-10.376,"Pak, John",0.119,-0.018,-0.024,-0.215,-0.139,2026-03-30 17:23:01 UTC
18105,0.01,-2.347,"Lawrence, Thriston",0.078,-0.162,0.054,-0.111,-0.141,2026-03-30 17:23:01 UTC
14987,0.048,-3.76,"Laporta, Francesco",-0.12,0.017,0.126,-0.179,-0.156,2026-03-30 17:23:01 UTC
12422,-0.028,3.937,"Johnson, Dustin",-0.239,-0.018,-0.09,0.19,-0.157,2026-03-30 17:23:01 UTC
17639,0.067,-17.382,"Blair, Zac",0.339,-0.032,-0.311,-0.157,-0.161,2026-03-30 17:23:01 UTC
25442,-0.078,-3.738,"Montgomery, Taylor",-0.278,0.267,-0.772,0.612,-0.172,2026-03-30 17:23:01 UTC
11276,-0.025,-3.375,"Horschel, Billy",0.004,0.071,-0.361,0.114,-0.172,2026-03-30 17:23:01 UTC
18027,0.069,-2.22,"Kimsey, Nathan",-0.295,-0.06,0.309,-0.135,-0.181,2026-03-30 17:23:01 UTC
14698,-0.036,11.194,"Bramlett, Joseph",0.014,0.091,0.253,-0.539,-0.181,2026-03-30 17:23:01 UTC
13997,0.033,-8.159,"Svensson, Adam",0.25,0.121,-0.142,-0.412,-0.182,2026-03-30 17:23:01 UTC
25611,-0.005,-2.571,"Olesen, Jacob Skov",-0.134,-0.093,-0.153,0.19,-0.189,2026-03-30 17:23:01 UTC
21074,0.006,0.481,"Nakajima, Keita",-0.0,-0.204,-0.015,0.017,-0.202,2026-03-30 17:23:01 UTC
20727,-0.064,5.574,"Coussaud, Ugo",-0.154,-0.075,-0.062,0.09,-0.202,2026-03-30 17:23:01 UTC
24342,-0.038,5.674,"Higgo, Garrick",-0.256,-0.046,0.058,0.024,-0.22,2026-03-30 17:23:01 UTC
25131,-0.044,-0.784,"Hill, Calum",-0.323,0.022,-0.425,0.506,-0.222,2026-03-30 17:23:01 UTC
12669,0.029,-6.002,"Lahiri, Anirban",-0.144,0.043,0.028,-0.149,-0.222,2026-03-30 17:23:01 UTC
17813,-0.011,-3.353,"Armitage, Marcus",0.033,0.14,-0.218,-0.185,-0.23,2026-03-30 17:23:01 UTC
7398,-0.019,-3.582,"Schwartzel, Charl",0.013,0.058,-0.448,0.132,-0.245,2026-03-30 17:23:01 UTC
19960,-0.0,0.143,"Pavon, Matthieu",-0.379,-0.122,-0.017,0.271,-0.247,2026-03-30 17:23:01 UTC
13508,-0.034,4.629,"Vegas, Jhonattan",-0.008,-0.084,0.01,-0.168,-0.25,2026-03-30 17:23:01 UTC
12337,-0.012,1.234,"Kokrak, Jason",-0.1,-0.166,-0.127,0.143,-0.25,2026-03-30 17:23:01 UTC
23733,0.013,0.787,"LaCroix, Frederic",0.101,-0.194,0.092,-0.255,-0.257,2026-03-30 17:23:01 UTC
23656,0.037,-7.009,"Young, Carson",-0.031,-0.167,-0.005,-0.065,-0.268,2026-03-30 17:23:01 UTC
24304,-0.065,4.812,"Vilips, Karl",-0.035,-0.074,-0.251,0.091,-0.269,2026-03-30 17:23:01 UTC
25601,-0.022,-2.777,"Jordan, Matthew",-0.278,0.081,-0.218,0.141,-0.274,2026-03-30 17:23:01 UTC
20084,-0.066,19.159,"Lindberg, Mikael",-0.473,-0.164,0.471,-0.109,-0.275,2026-03-30 17:23:01 UTC
18770,-0.033,2.993,"Rozner, Antoine",0.119,-0.115,-0.204,-0.085,-0.285,2026-03-30 17:23:01 UTC
15004,0.028,-3.495,"Kim, Chan",-0.018,0.075,-0.035,-0.324,-0.303,2026-03-30 17:23:01 UTC
10943,0.01,-6.349,"Lashley, Nate",0.016,-0.013,-0.18,-0.13,-0.307,2026-03-30 17:23:01 UTC
22736,0.017,3.975,"Rosenmueller, Thomas",0.127,-0.271,0.224,-0.387,-0.308,2026-03-30 17:23:01 UTC
13965,0.0,0.079,"Hadwin, Adam",-0.281,-0.068,0.04,-0.0,-0.31,2026-03-30 17:23:01 UTC
7108,0.022,-2.566,"Casey, Paul",0.162,-0.076,-0.216,-0.183,-0.312,2026-03-30 17:23:01 UTC
6986,0.074,-17.745,"Johnson, Zach",-0.161,0.044,-0.402,0.206,-0.312,2026-03-30 17:23:01 UTC
15475,0.038,-7.124,"Pan, C.T.",-0.15,0.162,-0.184,-0.148,-0.32,2026-03-30 17:23:01 UTC
6169,0.063,-19.226,"Kuchar, Matt",-0.205,0.141,-0.52,0.264,-0.321,2026-03-30 17:23:01 UTC
16333,0.006,-5.611,"Hubbard, Mark",-0.051,-0.015,-0.202,-0.053,-0.321,2026-03-30 17:23:01 UTC
7334,0.0,5.885,"Watson, Bubba",-0.321,-0.153,0.166,-0.013,-0.321,2026-03-30 17:23:01 UTC
14013,0.007,-5.541,"Tringale, Cameron",-0.048,0.042,-0.374,0.048,-0.332,2026-03-30 17:23:01 UTC
7399,0.09,-12.916,"Glover, Lucas",0.108,0.024,-0.056,-0.414,-0.337,2026-03-30 17:23:01 UTC
23482,0.027,-7.778,"Sigg, Greyson",0.126,0.016,-0.198,-0.284,-0.34,2026-03-30 17:23:01 UTC
24185,-0.02,6.715,"Mansell, Richard",-0.163,-0.056,0.254,-0.393,-0.358,2026-03-30 17:23:01 UTC
22259,-0.083,14.549,"Del Rey, Alejandro",-0.248,-0.182,0.147,-0.088,-0.372,2026-03-30 17:23:01 UTC
23540,-0.01,-4.334,"Andersen, Mason",-0.34,0.077,-0.16,0.05,-0.373,2026-03-30 17:23:01 UTC
11019,0.02,3.078,"Steele, Brendan",0.082,-0.153,0.098,-0.404,-0.376,2026-03-30 17:23:01 UTC
15330,0.008,-3.884,"Griffin, Lanto",-0.114,-0.065,-0.184,-0.015,-0.377,2026-03-30 17:23:01 UTC
16602,-0.039,4.889,"Varner III, Harold",0.089,-0.016,-0.104,-0.347,-0.379,2026-03-30 17:23:01 UTC
11357,-0.164,7.781,"Uihlein, Peter",0.103,0.201,-0.883,0.185,-0.395,2026-03-30 17:23:01 UTC
27183,-0.003,9.859,"Salinda, Isaiah",-0.14,-0.236,0.385,-0.422,-0.414,2026-03-30 17:23:01 UTC
12177,0.014,-8.005,"Pavan, Andrea",-0.28,0.025,-0.296,0.137,-0.414,2026-03-30 17:23:01 UTC
21880,-0.023,10.032,"Cone, Trevor",-0.243,-0.2,0.294,-0.273,-0.421,2026-03-30 17:23:01 UTC
27780,-0.063,3.457,"Crowe, Trace",-0.177,0.011,-0.268,0.008,-0.425,2026-03-30 17:23:01 UTC
16475,-0.07,6.894,"Forrest, Grant",-0.285,-0.129,-0.108,0.094,-0.428,2026-03-30 17:23:01 UTC
16715,-0.013,-3.939,"Ryder, Sam",-0.173,-0.139,-0.312,0.195,-0.429,2026-03-30 17:23:01 UTC
15113,0.069,-20.576,"Pepperell, Eddie",-0.023,-0.085,-0.396,0.067,-0.438,2026-03-30 17:23:01 UTC
22608,-0.016,-1.073,"Clements, Todd",0.024,-0.056,-0.101,-0.307,-0.439,2026-03-30 17:23:01 UTC
21995,-0.048,6.54,"Springer, Hayden",-0.409,-0.079,-0.045,0.093,-0.44,2026-03-30 17:23:01 UTC
25094,-0.028,3.131,"Fishburn, Patrick",-0.265,-0.072,-0.16,0.044,-0.454,2026-03-30 17:23:01 UTC
14975,0.075,-13.705,"Otaegui, Adrian",-0.016,0.072,-0.22,-0.291,-0.455,2026-03-30 17:23:01 UTC
24837,0.037,-3.985,"Goodwin, Noah",-0.331,-0.056,-0.06,-0.009,-0.456,2026-03-30 17:23:01 UTC
12988,0.01,-8.707,"Elvira Mijares, Ignacio",-0.202,-0.031,-0.343,0.118,-0.458,2026-03-30 17:23:01 UTC
32330,-0.017,5.421,"Clanton, Luke",0.031,-0.233,0.085,-0.343,-0.461,2026-03-30 17:23:01 UTC
10873,-0.03,1.662,"Skinns, David",-0.048,-0.085,-0.129,-0.206,-0.469,2026-03-30 17:23:01 UTC
6516,0.035,-13.94,"Bland, Richard",0.105,0.043,-0.478,-0.157,-0.486,2026-03-30 17:23:01 UTC
32055,0.011,4.215,"Shipley, Neal",-0.165,-0.241,0.221,-0.302,-0.487,2026-03-30 17:23:01 UTC
11460,0.0,-15.329,"Manassero, Matteo",0.091,0.242,-0.738,-0.083,-0.488,2026-03-30 17:23:01 UTC
29279,-0.049,1.01,"Suber, Jackson",-0.038,-0.064,-0.268,-0.138,-0.508,2026-03-30 17:23:01 UTC
25919,-0.079,16.553,"Wolff, Matthew",-0.305,-0.212,0.075,-0.084,-0.526,2026-03-30 17:23:01 UTC
8820,0.065,-18.582,"Snedeker, Brandt",-0.278,0.149,-0.533,0.133,-0.529,2026-03-30 17:23:01 UTC
27164,0.009,-5.212,"Phillips, Chandler",-0.472,0.078,-0.251,0.111,-0.534,2026-03-30 17:23:01 UTC
15229,0.001,4.132,"Stone, Brandon",-0.112,-0.207,0.159,-0.375,-0.535,2026-03-30 17:23:01 UTC
24497,0.001,-1.449,"Robinson Thompson, Brandon",-0.308,-0.036,-0.173,-0.022,-0.538,2026-03-30 17:23:01 UTC
23416,-0.003,3.123,"Ravetto, David",-0.298,-0.15,0.186,-0.279,-0.54,2026-03-30 17:23:01 UTC
14196,-0.064,5.041,"Meronk, Adrian",-0.423,-0.045,-0.216,0.141,-0.543,2026-03-30 17:23:01 UTC
27588,-0.055,8.166,"Schott, Freddy",-0.414,-0.159,-0.033,0.058,-0.547,2026-03-30 17:23:01 UTC
27996,-0.031,2.055,"Cummins, Quade",-0.388,-0.138,-0.054,0.023,-0.557,2026-03-30 17:23:01 UTC
20522,-0.042,1.514,"Veerman, Johannes",-0.201,-0.068,-0.342,0.025,-0.586,2026-03-30 17:23:01 UTC
15575,-0.019,-5.718,"Hoge, Tom",0.077,-0.094,-0.445,-0.132,-0.594,2026-03-30 17:23:01 UTC
9531,0.016,-8.306,"Wiesberger, Bernd",0.153,0.024,-0.194,-0.587,-0.605,2026-03-30 17:23:01 UTC
24369,0.102,-21.543,"Kobori, Kazuma",-0.339,-0.006,-0.381,0.115,-0.611,2026-03-30 17:23:01 UTC
16896,-0.003,-4.506,"Kruyswijk, Jacques",-0.235,-0.011,-0.326,-0.043,-0.615,2026-03-30 17:23:01 UTC
16341,0.085,-24.081,"Peterson, Paul",-0.181,0.091,-0.639,0.103,-0.626,2026-03-30 17:23:01 UTC
15676,-0.062,14.542,"Norgaard, Niklas",-0.603,-0.336,0.219,0.09,-0.629,2026-03-30 17:23:01 UTC
23542,-0.029,16.685,"Champ, Cameron",-0.498,-0.323,0.397,-0.208,-0.632,2026-03-30 17:23:01 UTC
16160,0.063,-16.518,"Song, Younghan",-0.155,-0.046,-0.365,-0.068,-0.634,2026-03-30 17:23:01 UTC
17550,-0.033,3.962,"Van Rooyen, Erik",-0.367,-0.054,-0.034,-0.183,-0.638,2026-03-30 17:23:01 UTC
25363,0.027,-0.873,"Buckley, Hayden",-0.181,-0.203,0.086,-0.352,-0.649,2026-03-30 17:23:01 UTC
13374,0.053,-11.063,"Van Driel, Darius",-0.268,-0.071,-0.156,-0.174,-0.669,2026-03-30 17:23:01 UTC
26008,-0.027,-0.303,"Elvira, Manuel",-0.133,-0.194,-0.139,-0.203,-0.669,2026-03-30 17:23:01 UTC
28157,-0.028,-3.337,"Vaillant, Tom",-0.416,-0.034,-0.365,0.139,-0.676,2026-03-30 17:23:01 UTC
16652,-0.036,-1.167,"Langasque, Romain",-0.56,-0.031,-0.312,0.226,-0.678,2026-03-30 17:23:01 UTC
27258,-0.002,-1.621,"Schmidt, Ben",-0.159,-0.37,-0.15,-0.008,-0.686,2026-03-30 17:23:01 UTC
25003,-0.075,4.654,"Walker, Danny",-0.355,0.043,-0.416,0.033,-0.694,2026-03-30 17:23:01 UTC
13470,-0.039,-7.003,"Kizzire, Patton",-0.128,0.264,-0.765,-0.068,-0.696,2026-03-30 17:23:01 UTC
17381,0.019,-8.233,"Silverman, Ben",-0.416,-0.01,-0.269,-0.002,-0.697,2026-03-30 17:23:01 UTC
17747,-0.029,2.419,"Halvorsen, Andreas",-0.388,-0.247,-0.051,-0.013,-0.699,2026-03-30 17:23:01 UTC
22535,-0.022,9.565,"Norrman, Vincent",-0.046,-0.232,0.168,-0.589,-0.699,2026-03-30 17:23:01 UTC
10158,0.024,-3.646,"Luiten, Joost",-0.303,-0.249,-0.135,-0.012,-0.699,2026-03-30 17:23:01 UTC
4052,0.026,-7.823,"Westwood, Lee",-0.215,-0.114,-0.102,-0.271,-0.702,2026-03-30 17:23:01 UTC
5994,0.105,-10.266,"Stenson, Henrik",0.106,-0.169,0.044,-0.698,-0.717,2026-03-30 17:23:01 UTC
14050,0.01,-9.013,"Sloan, Roger",-0.237,-0.015,-0.409,-0.06,-0.722,2026-03-30 17:23:01 UTC
12734,0.003,-10.787,"Scrivener, Jason",-0.255,-0.126,-0.442,0.098,-0.726,2026-03-30 17:23:01 UTC
14775,0.055,-17.82,"Bjork, Alexander",-0.302,-0.089,-0.568,0.227,-0.732,2026-03-30 17:23:01 UTC
11955,-0.078,4.584,"Frittelli, Dylan",-0.322,0.072,-0.31,-0.183,-0.743,2026-03-30 17:23:01 UTC
28469,-0.034,1.426,"Highsmith, Joe",-0.167,-0.133,-0.238,-0.21,-0.748,2026-03-30 17:23:01 UTC
7548,0.024,-13.885,"McDowell, Graeme",-0.1,-0.14,-0.445,-0.073,-0.758,2026-03-30 17:23:01 UTC
17723,0.018,-6.489,"Lower, Justin",-0.369,-0.079,-0.117,-0.197,-0.761,2026-03-30 17:23:01 UTC
19538,-0.043,13.5,"Vincent, Kieran",-0.683,-0.277,0.346,-0.153,-0.768,2026-03-30 17:23:01 UTC
14784,-0.026,-1.112,"Law, David",-0.507,-0.065,-0.168,-0.029,-0.769,2026-03-30 17:23:01 UTC
22087,-0.062,-0.003,"Paul, Jeremy",-0.409,0.014,-0.415,0.029,-0.781,2026-03-30 17:23:01 UTC
8480,0.009,-8.489,"Streelman, Kevin",-0.28,-0.089,-0.337,-0.076,-0.782,2026-03-30 17:23:01 UTC
7049,0.033,-7.271,"Sterne, Richard",-0.099,-0.122,-0.213,-0.351,-0.785,2026-03-30 17:23:01 UTC
18761,-0.082,8.519,"Mullinax, Trey",-0.208,-0.195,-0.209,-0.174,-0.788,2026-03-30 17:23:01 UTC
23892,0.07,-3.493,"Gumberg, Jordan",-0.386,-0.342,0.329,-0.392,-0.792,2026-03-30 17:23:01 UTC
11451,0.063,-14.134,"Garnett, Brice",-0.404,0.048,-0.374,-0.062,-0.792,2026-03-30 17:23:01 UTC
12426,-0.016,1.168,"Waring, Paul",-0.187,-0.278,-0.057,-0.272,-0.795,2026-03-30 17:23:01 UTC
7457,-0.008,-7.964,"Cabrera Bello, Rafa",-0.259,-0.129,-0.517,0.109,-0.795,2026-03-30 17:23:01 UTC
15592,0.091,-9.722,"Girrbach, Joel",-0.309,-0.338,0.058,-0.242,-0.831,2026-03-30 17:23:01 UTC
14007,0.025,-8.221,"Martin, Ben",-0.285,-0.085,-0.322,-0.141,-0.833,2026-03-30 17:23:01 UTC
28615,-0.013,4.484,"Bairstow, Sam",-0.515,-0.219,-0.058,-0.05,-0.842,2026-03-30 17:23:01 UTC
19872,-0.075,1.041,"Riley, Davis",-0.438,0.083,-0.7,0.197,-0.857,2026-03-30 17:23:01 UTC
14926,-0.074,-5.403,"Malnati, Peter",-0.444,0.127,-0.689,0.145,-0.861,2026-03-30 17:23:01 UTC
19865,-0.038,4.2,"Hardy, Nick",-0.246,-0.254,-0.123,-0.252,-0.876,2026-03-30 17:23:01 UTC
16497,-0.024,3.05,"Dean, Joe",-0.606,-0.049,-0.148,-0.079,-0.883,2026-03-30 17:23:01 UTC
11657,0.019,-10.789,"Norlander, Henrik",0.03,-0.127,-0.459,-0.329,-0.885,2026-03-30 17:23:01 UTC
23610,-0.008,1.407,"Crocker, Sean",-0.15,-0.246,-0.096,-0.396,-0.887,2026-03-30 17:23:01 UTC
22231,-0.033,1.907,"Von Dellingshausen, Nicolai",-0.566,-0.051,-0.161,-0.117,-0.895,2026-03-30 17:23:01 UTC
20448,0.032,-4.706,"Katsuragawa, Yuto",-0.491,-0.089,-0.06,-0.274,-0.914,2026-03-30 17:23:01 UTC
26506,-0.001,-1.329,"De Leo, Gregorio",-0.348,-0.295,-0.148,-0.126,-0.916,2026-03-30 17:23:01 UTC
27420,0.0,-2.235,"Dickson, Taylor",-0.452,-0.048,-0.153,-0.265,-0.917,2026-03-30 17:23:01 UTC
28270,-0.103,-4.106,"Dunlap, Nick",-0.085,0.006,-1.054,0.212,-0.921,2026-03-30 17:23:01 UTC
16897,-0.045,0.137,"Lombard, Zander",-0.192,-0.001,-0.341,-0.404,-0.938,2026-03-30 17:23:01 UTC
22089,-0.0,-3.417,"Syme, Connor",-0.104,-0.329,-0.21,-0.3,-0.943,2026-03-30 17:23:01 UTC
19477,-0.044,0.68,"Schenk, Adam",-0.327,-0.074,-0.244,-0.302,-0.948,2026-03-30 17:23:01 UTC
14780,-0.065,2.264,"Lagergren, Joakim",-0.528,-0.216,-0.311,0.099,-0.955,2026-03-30 17:23:01 UTC
27762,0.005,-3.985,"Velo, Kevin",-0.373,-0.107,-0.218,-0.272,-0.97,2026-03-30 17:23:01 UTC
17032,-0.059,9.78,"Tosti, Alejandro",-0.46,-0.11,0.04,-0.442,-0.973,2026-03-30 17:23:01 UTC
11397,-0.005,-4.44,"Jamieson, Scott",-0.503,-0.138,-0.184,-0.149,-0.975,2026-03-30 17:23:01 UTC
30814,-0.09,18.066,"Sargent, Gordon",-0.763,-0.144,0.075,-0.149,-0.981,2026-03-30 17:23:01 UTC
17357,-0.051,-4.805,"Migliozzi, Guido",-0.407,0.137,-0.671,-0.041,-0.983,2026-03-30 17:23:01 UTC
12522,-0.038,-3.286,"Schneider, Marcel",-0.475,-0.026,-0.491,0.0,-0.991,2026-03-30 17:23:01 UTC
22168,-0.058,3.522,"Brown, Hamish",-0.327,-0.183,-0.256,-0.232,-0.998,2026-03-30 17:23:01 UTC
18635,-0.04,-7.141,"Shelton, Robby",-0.37,0.097,-0.72,-0.029,-1.022,2026-03-30 17:23:01 UTC
32550,0.033,-10.601,"Bryant, Davis",-0.413,-0.094,-0.314,-0.211,-1.031,2026-03-30 17:23:01 UTC
19190,0.007,-3.627,"Hoshino, Rikuya",-0.623,-0.132,-0.343,0.065,-1.033,2026-03-30 17:23:01 UTC
13139,-0.044,-4.104,"Pulkkanen, Tapio",-0.704,0.052,-0.45,0.065,-1.036,2026-03-30 17:23:01 UTC
13127,-0.042,2.144,"Tway, Kevin",-0.66,-0.087,-0.254,-0.037,-1.038,2026-03-30 17:23:01 UTC
12321,0.001,-4.443,"Aphibarnrat, Kiradech",-0.562,-0.102,-0.244,-0.133,-1.042,2026-03-30 17:23:01 UTC
11641,-0.057,-8.877,"Kim, Anthony",-0.206,-0.003,-0.727,-0.107,-1.043,2026-03-30 17:23:01 UTC
14973,0.005,-3.916,"Levy, Alexander",-0.663,-0.144,-0.192,-0.044,-1.043,2026-03-30 17:23:01 UTC
11396,0.058,-17.156,"Ramsay, Richie",-0.288,-0.163,-0.54,-0.06,-1.05,2026-03-30 17:23:01 UTC
23112,-0.018,-0.545,"De Bruyn, Jannik",-0.485,-0.213,-0.192,-0.164,-1.053,2026-03-30 17:23:01 UTC
22897,0.007,-4.294,"Ahlawat, Veer",-0.53,-0.209,-0.208,-0.123,-1.07,2026-03-30 17:23:01 UTC
31212,-0.009,-2.718,"Chandler, Will",-0.596,-0.046,-0.194,-0.236,-1.072,2026-03-30 17:23:01 UTC
18722,0.018,-3.426,"Gouveia, Ricardo",-0.493,-0.267,-0.009,-0.312,-1.081,2026-03-30 17:23:01 UTC
18517,-0.031,-1.864,"Soderberg, Sebastian",-0.209,-0.198,-0.428,-0.251,-1.086,2026-03-30 17:23:01 UTC
14140,-0.027,1.842,"Higgs, Harry",-0.448,-0.26,-0.199,-0.18,-1.087,2026-03-30 17:23:01 UTC
16231,-0.016,-1.021,"Hellgren, Bjorn",-0.507,-0.132,-0.149,-0.302,-1.09,2026-03-30 17:23:01 UTC
13089,0.026,-8.918,"Nemecz, Lukas",-0.5,-0.035,-0.285,-0.272,-1.092,2026-03-30 17:23:01 UTC
21875,-0.056,9.1,"Widing, Tim",-0.587,-0.26,-0.084,-0.163,-1.093,2026-03-30 17:23:01 UTC
15274,0.008,-4.634,"Tabuena, Miguel",-0.707,0.124,-0.253,-0.267,-1.104,2026-03-30 17:23:01 UTC
7960,-0.012,2.528,"List, Luke",-0.462,-0.213,-0.111,-0.318,-1.104,2026-03-30 17:23:01 UTC
12258,-0.015,-9.522,"Garcia Rodriguez, Sebastian",-0.422,-0.063,-0.36,-0.26,-1.105,2026-03-30 17:23:01 UTC
12920,-0.018,-8.903,"Willett, Danny",-0.76,0.084,-0.501,0.07,-1.108,2026-03-30 17:23:01 UTC
9586,0.013,-7.229,"Laird, Martin",-0.429,-0.035,-0.433,-0.218,-1.116,2026-03-30 17:23:01 UTC
30428,-0.066,7.438,"Masaveu, Luis",-0.569,-0.203,-0.223,-0.124,-1.12,2026-03-30 17:23:01 UTC
33755,-0.073,9.041,"La Sasso, Michael",-0.71,-0.077,-0.153,-0.192,-1.132,2026-03-30 17:23:01 UTC
18514,-0.012,-5.579,"Kinhult, Marcus",-0.721,-0.127,-0.299,0.01,-1.137,2026-03-30 17:23:01 UTC
19899,-0.042,0.991,"Rottluff, Max",-0.662,-0.155,-0.321,0.001,-1.137,2026-03-30 17:23:01 UTC
15596,0.005,-4.445,"Cockerill, Aaron",-0.486,-0.176,-0.288,-0.205,-1.154,2026-03-30 17:23:01 UTC
13497,-0.007,-3.423,"Lee, K.H.",-0.56,-0.077,-0.316,-0.203,-1.157,2026-03-30 17:23:01 UTC
18244,-0.022,4.55,"Shinkwin, Callum",-0.553,-0.346,0.227,-0.49,-1.162,2026-03-30 17:23:01 UTC
27597,-0.023,-1.575,"Ogletree, Andy",-0.803,-0.121,-0.337,0.098,-1.162,2026-03-30 17:23:01 UTC
10418,-0.048,-1.905,"Lemke, Niklas",-0.326,-0.077,-0.472,-0.294,-1.17,2026-03-30 17:23:01 UTC
12637,0.006,-13.857,"Asaji, Yosuke",-0.382,-0.048,-0.738,-0.005,-1.173,2026-03-30 17:23:01 UTC
13367,-0.011,-7.771,"Merritt, Troy",-0.505,-0.09,-0.48,-0.101,-1.176,2026-03-30 17:23:01 UTC
9171,-0.056,-10.74,"Villegas, Camilo",-0.274,0.03,-0.856,-0.08,-1.18,2026-03-30 17:23:01 UTC
14373,0.056,-22.958,"Campbell, Ben",-0.662,-0.06,-0.703,0.238,-1.186,2026-03-30 17:23:01 UTC
15115,0.031,-12.93,"Senior, Jack",-0.612,-0.11,-0.519,0.047,-1.195,2026-03-30 17:23:01 UTC
18628,0.049,-22.252,"Campbell, Brian",-0.485,-0.043,-0.754,0.087,-1.195,2026-03-30 17:23:01 UTC
6950,-0.006,-3.908,"Siem, Marcel",-0.641,-0.096,-0.123,-0.338,-1.198,2026-03-30 17:23:01 UTC
17786,-0.057,0.247,"Davis, Cam",-0.509,-0.053,-0.504,-0.133,-1.199,2026-03-30 17:23:01 UTC
25588,0.022,-5.217,"Wilson, Andrew",-0.575,-0.3,-0.174,-0.155,-1.204,2026-03-30 17:23:01 UTC
1547,-0.059,-4.45,"Mickelson, Phil",-0.314,-0.027,-0.608,-0.274,-1.224,2026-03-30 17:23:01 UTC
7532,0.072,-20.145,"Ormsby, Wade",-0.574,-0.044,-0.459,-0.155,-1.232,2026-03-30 17:23:01 UTC
5768,-0.026,-0.271,"Hoffman, Charley",-0.301,-0.152,-0.231,-0.555,-1.239,2026-03-30 17:23:01 UTC
26660,-0.045,6.966,"Gordon, Will",-0.473,-0.267,-0.157,-0.356,-1.252,2026-03-30 17:23:01 UTC
14209,-0.042,-4.638,"Kozuma, Jinichiro",-0.473,0.041,-0.64,-0.18,-1.253,2026-03-30 17:23:01 UTC
18524,0.045,-6.097,"Catlin, John",-0.574,-0.2,-0.096,-0.387,-1.257,2026-03-30 17:23:01 UTC
17422,-0.077,-0.131,"Del Solar, Cristobal",-0.504,-0.096,-0.62,-0.039,-1.258,2026-03-30 17:23:01 UTC
8117,-0.037,-12.202,"Kaymer, Martin",-0.188,-0.2,-0.903,0.029,-1.261,2026-03-30 17:23:01 UTC
1435,0.015,-16.331,"Poulter, Ian",-0.457,0.054,-0.67,-0.189,-1.262,2026-03-30 17:23:01 UTC
12909,-0.042,2.063,"Campos, Rafael",-0.55,-0.319,-0.256,-0.171,-1.296,2026-03-30 17:23:01 UTC
7452,0.05,-18.008,"Na, Kevin",-0.383,0.029,-0.612,-0.331,-1.297,2026-03-30 17:23:01 UTC
19635,-0.095,10.77,"Cantero Gutierrez, Ivan",-0.841,-0.144,0.01,-0.331,-1.306,2026-03-30 17:23:01 UTC
15680,0.022,-15.993,"Winther, Jeff",-0.705,-0.2,-0.638,0.228,-1.316,2026-03-30 17:23:01 UTC
5716,-0.036,-4.374,"Harrington, Padraig",-0.256,-0.031,-0.544,-0.491,-1.321,2026-03-30 17:23:01 UTC
14018,-0.002,-9.468,"Dantorp, Jens",-0.439,-0.305,-0.598,0.019,-1.324,2026-03-30 17:23:01 UTC
11328,0.022,-16.859,"Kisner, Kevin",-0.746,0.032,-0.687,0.071,-1.33,2026-03-30 17:23:01 UTC
28276,-0.045,6.569,"Jang, Yubin",-0.409,-0.344,0.015,-0.592,-1.33,2026-03-30 17:23:01 UTC
8605,-0.066,-1.814,"Jones, Matt",-0.431,-0.138,-0.592,-0.173,-1.335,2026-03-30 17:23:01 UTC
26562,-0.001,-1.39,"Besard, Matthis",-0.844,-0.183,-0.148,-0.161,-1.335,2026-03-30 17:23:01 UTC
12317,0.046,-10.677,"Kieffer, Max",-0.739,-0.064,-0.224,-0.318,-1.345,2026-03-30 17:23:01 UTC
17718,-0.023,-1.915,"Sordet, Clement",-0.848,-0.004,-0.426,-0.089,-1.368,2026-03-30 17:23:01 UTC
11619,-0.068,1.017,"Bjerregaard, Lucas",-0.649,0.042,-0.541,-0.245,-1.394,2026-03-30 17:23:01 UTC
7679,0.063,-23.368,"Aiken, Thomas",-0.448,-0.129,-0.735,-0.084,-1.396,2026-03-30 17:23:01 UTC
7033,0.027,-14.368,"Molinari, Edoardo",-0.678,-0.052,-0.614,-0.059,-1.403,2026-03-30 17:23:01 UTC
19224,-0.047,-4.111,"Micheluzzi, David",-0.959,0.053,-0.613,0.108,-1.411,2026-03-30 17:23:01 UTC
30892,-0.03,2.824,"Riedel, Matthew",-0.628,-0.316,-0.196,-0.271,-1.411,2026-03-30 17:23:01 UTC
16433,-0.0,-4.989,"NeSmith, Matt",-0.635,-0.154,-0.407,-0.242,-1.438,2026-03-30 17:23:01 UTC
13344,0.025,-8.731,"Baldwin, Matthew",-0.617,-0.283,-0.208,-0.335,-1.442,2026-03-30 17:23:01 UTC
11763,0.01,-11.83,"Wu, Ashun",-0.728,-0.021,-0.605,-0.088,-1.443,2026-03-30 17:23:01 UTC
11061,0.048,-19.476,"Morrison, James",-0.791,0.008,-0.662,-0.001,-1.446,2026-03-30 17:23:01 UTC
20519,-0.075,1.241,"Tarren, Callum",-0.554,-0.054,-0.563,-0.282,-1.453,2026-03-30 17:23:01 UTC
23236,-0.064,-2.261,"Arnaus, Adri",-0.689,-0.237,-0.628,0.091,-1.463,2026-03-30 17:23:01 UTC
7961,0.036,-15.789,"Reavie, Chez",-0.348,-0.137,-0.641,-0.341,-1.467,2026-03-30 17:23:01 UTC
13305,-0.052,-2.842,"Chappell, Kevin",-0.513,-0.119,-0.561,-0.279,-1.472,2026-03-30 17:23:01 UTC
6893,-0.04,1.5,"Colsaerts, Nicolas",-0.574,-0.271,-0.297,-0.339,-1.481,2026-03-30 17:23:01 UTC
12213,0.015,-10.903,"Hebert, Benjamin",-0.266,-0.173,-0.531,-0.524,-1.494,2026-03-30 17:23:01 UTC
32449,-0.079,3.868,"Johnston, Ryggs",-0.822,-0.129,-0.344,-0.208,-1.503,2026-03-30 17:23:01 UTC
23502,-0.07,-2.396,"Thornberry, Braden",-0.84,-0.04,-0.713,0.089,-1.504,2026-03-30 17:23:01 UTC
9396,-0.021,-2.234,"Fisher, Ross",-0.376,-0.284,-0.251,-0.598,-1.509,2026-03-30 17:23:01 UTC
19455,-0.077,1.068,"Pereira, Mito",-0.696,-0.196,-0.576,-0.05,-1.518,2026-03-30 17:23:01 UTC
17081,-0.0,-9.968,"Sharma, Shubhankar",-0.672,-0.354,-0.54,0.028,-1.539,2026-03-30 17:23:01 UTC
9842,0.055,-9.856,"Zanotti, Fabrizio",-0.416,-0.282,-0.273,-0.569,-1.539,2026-03-30 17:23:01 UTC
7677,-0.006,-7.483,"Norris, Shaun",-0.829,-0.194,-0.662,0.142,-1.541,2026-03-30 17:23:01 UTC
24127,0.0,-3.114,"Hidalgo Portillo, Angel",-0.636,-0.305,-0.285,-0.32,-1.547,2026-03-30 17:23:01 UTC
23549,-0.029,0.84,"Celli, Filippo",-0.74,-0.355,-0.291,-0.164,-1.55,2026-03-30 17:23:01 UTC
6762,0.03,-17.312,"Perez, Pat",-0.674,0.0,-0.847,-0.036,-1.558,2026-03-30 17:23:01 UTC
25213,-0.04,-12.237,"Wu, Brandon",-0.544,0.01,-0.995,-0.05,-1.579,2026-03-30 17:23:01 UTC
20704,0.079,-23.669,"Tarrio, Santiago",-0.497,-0.058,-0.564,-0.462,-1.581,2026-03-30 17:23:01 UTC
7887,-0.045,1.954,"Garcia-Heredia, Alfredo",-0.777,-0.377,-0.225,-0.208,-1.586,2026-03-30 17:23:01 UTC
21412,-0.122,-2.774,"Capan III, Frankie",-0.754,0.067,-1.12,0.214,-1.592,2026-03-30 17:23:01 UTC
25963,0.002,-1.897,"Purcell, Conor",-0.646,-0.305,-0.221,-0.43,-1.602,2026-03-30 17:23:01 UTC
25263,-0.047,-5.068,"Onishi, Kaito",-0.636,-0.145,-0.756,-0.07,-1.607,2026-03-30 17:23:01 UTC
14967,-0.016,-0.307,"Hadley, Chesson",-0.729,-0.375,-0.28,-0.227,-1.61,2026-03-30 17:23:01 UTC
15191,0.028,-5.28,"Southgate, Matthew",-0.698,-0.381,-0.13,-0.433,-1.641,2026-03-30 17:23:01 UTC
5754,0.076,-19.076,"Fichardt, Darren",-0.673,-0.168,-0.377,-0.439,-1.657,2026-03-30 17:23:01 UTC
11826,-0.013,-10.085,"Lee, Danny",-0.466,-0.125,-0.733,-0.353,-1.676,2026-03-30 17:23:01 UTC
4163,-0.019,-18.211,"Donald, Luke",-0.44,0.116,-1.216,-0.187,-1.727,2026-03-30 17:23:01 UTC
16363,-0.035,-12.859,"Brun, Julien",-0.737,0.019,-1.039,0.005,-1.752,2026-03-30 17:23:01 UTC
24093,-0.045,6.882,"Williams, Robin",-0.979,-0.245,-0.257,-0.292,-1.772,2026-03-30 17:23:01 UTC
19806,-0.016,-6.576,"Forsstrom, Simon",-0.726,-0.34,-0.482,-0.234,-1.782,2026-03-30 17:23:01 UTC
9133,-0.046,-10.164,"Larrazabal, Pablo",-0.753,-0.054,-0.826,-0.165,-1.798,2026-03-30 17:23:01 UTC
10886,-0.037,-9.681,"Harding, Justin",-0.971,-0.01,-0.857,0.012,-1.826,2026-03-30 17:23:01 UTC
19866,-0.066,-0.188,"Horsfield, Sam",-0.986,-0.359,-0.604,0.063,-1.886,2026-03-30 17:23:01 UTC
19898,-0.06,-9.043,"Paul, Yannik",-0.944,-0.111,-1.026,0.154,-1.927,2026-03-30 17:23:01 UTC
16563,0.013,-11.464,"Lee, Chieh-Po",-0.832,-0.25,-0.591,-0.313,-1.987,2026-03-30 17:23:01 UTC
12530,-0.029,-7.443,"Green, Gavin",-0.804,-0.391,-0.755,-0.043,-1.994,2026-03-30 17:23:01 UTC
13731,-0.055,-2.244,"Strydom, Ockie",-0.893,-0.332,-0.446,-0.409,-2.08,2026-03-30 17:23:01 UTC
7820,-0.011,-6.256,"Palmer, Ryan",-0.962,-0.171,-0.365,-0.589,-2.087,2026-03-30 17:23:01 UTC
11530,-0.063,2.016,"Akesson, Bjorn",-1.223,-0.27,-0.393,-0.234,-2.121,2026-03-30 17:23:01 UTC
6252,-0.059,-16.702,"Baddeley, Aaron",-0.861,0.186,-1.387,-0.072,-2.133,2026-03-30 17:23:01 UTC
13821,-0.032,-10.489,"Whitnell, Dale",-0.734,-0.256,-0.738,-0.407,-2.135,2026-03-30 17:23:01 UTC
12425,0.009,-21.68,"Todd, Brendon",-1.281,0.16,-1.216,0.195,-2.142,2026-03-30 17:23:01 UTC
20780,-0.036,-11.712,"Kim, Minkyu",-0.904,-0.057,-1.024,-0.198,-2.183,2026-03-30 17:23:01 UTC
19429,-0.042,-3.138,"Naidoo, Dylan",-1.112,-0.28,-0.501,-0.299,-2.193,2026-03-30 17:23:01 UTC
26213,-0.082,-1.152,"Ko, Jeong Weon",-1.056,-0.153,-0.7,-0.364,-2.273,2026-03-30 17:23:01 UTC
27815,-0.021,0.921,"Moscatel, Joel",-1.347,-0.518,-0.237,-0.183,-2.284,2026-03-30 17:23:01 UTC
8300,-0.061,-5.903,"Wilson, Oliver",-1.165,-0.098,-0.878,-0.145,-2.286,2026-03-30 17:23:01 UTC
12650,-0.02,-12.852,"Huizing, Daan",-1.065,-0.295,-1.009,0.039,-2.329,2026-03-30 17:23:01 UTC
15016,-0.005,-15.028,"Schwab, Matthias",-1.05,-0.027,-1.058,-0.457,-2.591,2026-03-30 17:23:01 UTC
14120,-0.054,-5.118,"Samooja, Kalle",-0.95,-0.303,-0.989,-0.415,-2.657,2026-03-30 17:23:01 UTC
12318,-0.06,-0.294,"Knappe, Alexander",-1.71,-0.389,-0.551,-0.079,-2.729,2026-03-30 17:23:01 UTC
24660,-0.072,-22.347,"Kjettrup, Frederik",-0.504,-0.291,-1.963,-0.063,-2.821,2026-03-30 17:23:01 UTC
12821,-0.127,3.364,"De Jager, Louis",-1.278,-0.161,-1.084,-0.365,-2.887,2026-03-30 17:23:01 UTC
14409,-0.038,-9.674,"Wiebe, Gunner",-1.349,-0.318,-0.946,-0.31,-2.922,2026-03-30 17:23:01 UTC
14706,-0.099,-3.471,"Swafford, Hudson",-1.263,-0.658,-1.441,-0.314,-3.677,2026-03-30 17:23:01 UTC
15634,-0.122,-4.025,"Trainer, Martin",-1.96,-0.12,-1.38,-0.229,-3.69,2026-03-30 17:23:01 UTC
14799,-0.168,-7.739,"Barnes, Erik",-1.775,-0.202,-2.233,-0.361,-4.572,2026-03-30 17:23:01 UTC
